관광지,자연,자연관광지,국립공원
관광지,자연,자연관광지,도립공원
관광지,자연,자연관광지,군립공원
관광지,자연,자연관광지,산
관광지,자연,자연관광지,자연생태관광지
관광지,자연,자연관광지,자연휴양림
관광지,자연,자연관광지,수목원
관광지,자연,자연관광지,폭포
관광지,자연,자연관광지,계곡
관광지,자연,자연관광지,약수터
관광지,자연,자연관광지,해안절경
관광지,자연,자연관광지,해수욕장
관광지,자연,자연관광지,섬
관광지,자연,자연관광지,항구/포구
관광지,자연,자연관광지,등대
관광지,자연,자연관광지,호수
관광지,자연,자연관광지,강
관광지,자연,자연관광지,동굴
관광지,자연,관광자원,희귀동.식물
관광지,자연,관광자원,기암괴석
관광지,인문(문화/예술/역사),역사관광지,고궁
관광지,인문(문화/예술/역사),역사관광지,성
관광지,인문(문화/예술/역사),역사관광지,문
관광지,인문(문화/예술/역사),역사관광지,고택
관광지,인문(문화/예술/역사),역사관광지,생가
관광지,인문(문화/예술/역사),역사관광지,민속마을
관광지,인문(문화/예술/역사),역사관광지,유적지/사적지
관광지,인문(문화/예술/역사),역사관광지,사찰
관광지,인문(문화/예술/역사),역사관광지,종교성지
관광지,인문(문화/예술/역사),역사관광지,안보관광
관광지,인문(문화/예술/역사),휴양관광지,관광단지
관광지,인문(문화/예술/역사),휴양관광지,온천/욕장/스파
관광지,인문(문화/예술/역사),휴양관광지,이색찜질방
관광지,인문(문화/예술/역사),휴양관광지,헬스투어
관광지,인문(문화/예술/역사),휴양관광지,테마공원
관광지,인문(문화/예술/역사),휴양관광지,공원
관광지,인문(문화/예술/역사),휴양관광지,유람선/잠수함관광
관광지,인문(문화/예술/역사),체험관광지,농.산.어촌 체험
관광지,인문(문화/예술/역사),체험관광지,전통체험
관광지,인문(문화/예술/역사),체험관광지,산사체험
관광지,인문(문화/예술/역사),체험관광지,이색체험
관광지,인문(문화/예술/역사),체험관광지,이색거리
관광지,인문(문화/예술/역사),산업관광지,발전소
관광지,인문(문화/예술/역사),산업관광지,식음료
관광지,인문(문화/예술/역사),산업관광지,기타
관광지,인문(문화/예술/역사),산업관광지,전자-반도체
관광지,인문(문화/예술/역사),산업관광지,자동차
관광지,인문(문화/예술/역사),건축/조형물,다리/대교
관광지,인문(문화/예술/역사),건축/조형물,기념탑/기념비/전망대
관광지,인문(문화/예술/역사),건축/조형물,분수
관광지,인문(문화/예술/역사),건축/조형물,동상
관광지,인문(문화/예술/역사),건축/조형물,터널
관광지,인문(문화/예술/역사),건축/조형물,유명건물
관광지,인문(문화/예술/역사),문화시설,박물관
관광지,인문(문화/예술/역사),문화시설,기념관
관광지,인문(문화/예술/역사),문화시설,전시관
관광지,인문(문화/예술/역사),문화시설,컨벤션센터
관광지,인문(문화/예술/역사),문화시설,미술관/화랑
관광지,인문(문화/예술/역사),문화시설,공연장
관광지,인문(문화/예술/역사),문화시설,문화원
관광지,인문(문화/예술/역사),문화시설,외국문화원
관광지,인문(문화/예술/역사),문화시설,도서관
관광지,인문(문화/예술/역사),문화시설,대형서점
관광지,인문(문화/예술/역사),문화시설,문화전수시설
관광지,인문(문화/예술/역사),문화시설,영화관
관광지,인문(문화/예술/역사),문화시설,어학당
관광지,인문(문화/예술/역사),문화시설,학교
축제/공연/행사,인문(문화/예술/역사),축제,문화관광축제
축제/공연/행사,인문(문화/예술/역사),축제,일반축제
축제/공연/행사,인문(문화/예술/역사),공연/행사,전통공연
축제/공연/행사,인문(문화/예술/역사),공연/행사,연극
축제/공연/행사,인문(문화/예술/역사),공연/행사,뮤지컬
축제/공연/행사,인문(문화/예술/역사),공연/행사,오페라
축제/공연/행사,인문(문화/예술/역사),공연/행사,전시회
축제/공연/행사,인문(문화/예술/역사),공연/행사,박람회
축제/공연/행사,인문(문화/예술/역사),공연/행사,무용
축제/공연/행사,인문(문화/예술/역사),공연/행사,클래식음악회
축제/공연/행사,인문(문화/예술/역사),공연/행사,대중콘서트
축제/공연/행사,인문(문화/예술/역사),공연/행사,영화
축제/공연/행사,인문(문화/예술/역사),공연/행사,스포츠경기
축제/공연/행사,인문(문화/예술/역사),공연/행사,기타행사
여행코스,추천코스,가족코스,가족코스
여행코스,추천코스,나홀로코스,나홀로코스
여행코스,추천코스,힐링코스,힐링코스
여행코스,추천코스,도보코스,도보코스
여행코스,추천코스,캠핑코스,캠핑코스
여행코스,추천코스,맛코스,맛코스
레포츠,레포츠,레포츠소개,수상레포츠
레포츠,레포츠,레포츠소개,항공레포츠
레포츠,레포츠,육상 레포츠,수련시설
레포츠,레포츠,육상 레포츠,경기장
레포츠,레포츠,육상 레포츠,인라인(실내 인라인 포함)
레포츠,레포츠,육상 레포츠,자전거하이킹
레포츠,레포츠,육상 레포츠,카트
레포츠,레포츠,육상 레포츠,골프
레포츠,레포츠,육상 레포츠,경마
레포츠,레포츠,육상 레포츠,경륜
레포츠,레포츠,육상 레포츠,카지노
레포츠,레포츠,육상 레포츠,승마
레포츠,레포츠,육상 레포츠,스키/스노보드
레포츠,레포츠,육상 레포츠,스케이트
레포츠,레포츠,육상 레포츠,썰매장
레포츠,레포츠,육상 레포츠,수렵장
레포츠,레포츠,육상 레포츠,사격장
레포츠,레포츠,육상 레포츠,"야영장,오토캠핑장"
레포츠,레포츠,육상 레포츠,암벽등반
레포츠,레포츠,육상 레포츠,서바이벌게임
레포츠,레포츠,육상 레포츠,ATV
레포츠,레포츠,육상 레포츠,MTB
레포츠,레포츠,육상 레포츠,오프로드
레포츠,레포츠,육상 레포츠,번지점프
레포츠,레포츠,육상 레포츠,스키(보드) 렌탈샵
레포츠,레포츠,육상 레포츠,트래킹
레포츠,레포츠,수상 레포츠,윈드서핑/제트스키
레포츠,레포츠,수상 레포츠,카약/카누
레포츠,레포츠,수상 레포츠,요트
레포츠,레포츠,수상 레포츠,스노쿨링/스킨스쿠버다이빙
레포츠,레포츠,수상 레포츠,민물낚시
레포츠,레포츠,수상 레포츠,바다낚시
레포츠,레포츠,수상 레포츠,수영
레포츠,레포츠,수상 레포츠,래프팅
레포츠,레포츠,항공 레포츠,스카이다이빙
레포츠,레포츠,항공 레포츠,초경량비행
레포츠,레포츠,항공 레포츠,헹글라이딩/패러글라이딩
레포츠,레포츠,항공 레포츠,열기구
레포츠,레포츠,복합 레포츠,복합 레포츠
숙박,숙박,숙박시설,관광호텔
숙박,숙박,숙박시설,콘도미니엄
숙박,숙박,숙박시설,유스호스텔
숙박,숙박,숙박시설,펜션
숙박,숙박,숙박시설,모텔
숙박,숙박,숙박시설,민박
숙박,숙박,숙박시설,게스트하우스
숙박,숙박,숙박시설,홈스테이
숙박,숙박,숙박시설,서비스드레지던스
숙박,숙박,숙박시설,한옥
쇼핑,쇼핑,쇼핑,5일장
쇼핑,쇼핑,쇼핑,상설시장
쇼핑,쇼핑,쇼핑,백화점
쇼핑,쇼핑,쇼핑,면세점
쇼핑,쇼핑,쇼핑,대형마트
쇼핑,쇼핑,쇼핑,전문매장/상가
쇼핑,쇼핑,쇼핑,공예/공방
쇼핑,쇼핑,쇼핑,특산물판매점
쇼핑,쇼핑,쇼핑,사후면세점
음식,음식,음식점,한식
음식,음식,음식점,서양식
음식,음식,음식점,일식
음식,음식,음식점,중식
음식,음식,음식점,이색음식점
음식,음식,음식점,카페/전통찻집
음식,음식,음식점,클럽
