title,contentid,cat1,cat2,cat3,firstimage,region,mapx,mapy,overview,homepage
매자식당,2891900,음식,음식점,이색음식점,http://tong.visitkorea.or.kr/cms/resource/75/2891875_image2_1.jpg,강원특별자치도,128.5865388634,38.2102788741,"매자식당은 강원도 속초시에 있는 쌀국수 전문점이다. 생활의 달인에 쌀국수의 달인으로 출연하면서 현지 맛집에서 전국구 맛집으로 변화한 곳이다. 이곳의 쌀국수를 먹기 위해 전국에서 방문한다. 국수 가게를 하시던 할머니와 정육점을 하시던 어머니, 진한 한우 육수로 쌀국수를 만드는 딸이자 손녀가 운영하는 가족식당이다. 한우를 사용해서 육수를 뽑고 두툼한 한우 고명이 올라간 쌀국수는 어디에서도 맛볼 수 없는 이 집만의 음식이다. 한국인 입맛과 지역색을 살린 매콤 한우 장쌀국수도 인기 메뉴이다. 쌀국수 외에 곁들임 메뉴로는 분짜와 해물짜조가 있다. 밥을 원하는 고객을 위해 볶음밥도 판매한다. 이 집을 방문하면 요일과 관계없이 웨이팅이 있으므로 테이블 링으로 대기를 걸고 기다려야 한다. 주차는 전용 주차장이 있어 이용할 수 있다.","<a href=""https://www.instagram.com/kayrish7/""target=""_blank"" title=""새창 : 매자식당 사이트로 이동"">https://www.instagram.com/kayrish7/</a>"
매쟁이골,2751115,인문(문화/예술/역사),휴양관광지,공원,http://tong.visitkorea.or.kr/cms/resource/45/2751145_image2_1.jpg,경기도,126.9007399191,37.3436981702,"매쟁이 골은 경기도 군포시 속달동에 위치한 수리산 공원과 숲 속 놀이터를 이르는 말이다. 울창한 숲 속 놀이터는 창의력을 발휘해 자유롭게 즐길 수 있도록 다양한 공간을 마련해 두었다. 데크 산책길은 유모차를 끌고 여유 있게 산책할 수 있게 배려하였고 화장실과 음수대를 구비해 누구나 편안하게 공원을 이용할 수 있게 하였다. , 공원 주변에 매점이 없어 물이나 간식은 미리 챙겨 가는 게 좋다.",
매주리커피,2849895,음식,음식점,카페/전통찻집,http://tong.visitkorea.or.kr/cms/resource/85/2849885_image2_1.jpg,충청남도,127.1296502856,36.923656365,"매주리커피는 충청남도 천안시 서북구 성환읍에 있는 디저트 카페다. 현대적인 신축 건물을 중심으로 축사와 한옥을 개조하여 고풍스럽고 감각적인 카페로 재탄생시켰다. 카페 내부는 다양한 형태의 좌석이 있고 단체석도 마련되어 있어 크고 작은 모임을 할 수 있다. 넓은 정원을 잘 가꿔놓아 볼거리가 많다. 대표 메뉴는 이탈리아 고급 원두로 만든 아매주리카노다. 이 밖에 미숫가루 스무디, 밀크티, 매주라테, 연유라테, 카페모카, 시나몬카푸치노 등을 다양한 빵과 케이크를 곁들여 맛볼 수 있고 반려견을 동반하여 입장이 가능하다. 북천안 IC에서 가깝고, 인근에 천안 케이블워터파크, 쥬쥬피아가 있다.","<a href=""http://Instagram.com/maejuri_coffee""target=""_blank"" title=""새창 : 매주리커피 사이트로 이동"">http://Instagram.com/maejuri_coffee</a>"
매죽헌(매죽헌 한옥 민박),2572792,숙박,숙박시설,한옥,http://tong.visitkorea.or.kr/cms/resource/86/2571486_image2_1.jpg,전라남도,127.4037445821,35.0659728461,매죽헌 한옥 민박은 전통한옥 스타일의 민박이다.,http://xn--lg3bwbu5ycseo3j9tn.kr/
매죽헌2(매죽헌한옥민박),2603996,숙박,숙박시설,한옥,http://tong.visitkorea.or.kr/cms/resource/86/2571486_image2_1.jpg,전라남도,127.4016335779,35.0690641287,매죽헌은 전통한옥 스타일로 내부시설은 현대식이며 난방 방식은 장작을 지펴 구들 방식이고 자고 나면 온몸의 피로가 시원하게 풀리는 숙소이다.,http://순천한옥민박.kr/
매직 미디어쇼 폴리팝(두들팝ver.2),3113739,인문(문화/예술/역사),공연/행사,기타행사,http://tong.visitkorea.or.kr/cms/resource/30/3113730_image2_1.jpg,부산광역시,129.212999524,35.1960684107,"롯데월드 어드벤처 부산 ‘브러쉬씨어터 전용관’ GRAND OPEN
〈두들팝〉, 〈드래곤하이〉, 〈슈퍼클로젯〉 제작사 믿고 보는 브러쉬씨어터가 ‘부산’에 상륙했다! 매직 미디어쇼 〈폴리팝(두들팝ver.2)〉에선 프로젝션 맵핑과 연극의 환상적 인터렉션과 호기심을 자극하는 도형프레임놀이! 그리고 다양한 장난감으로 떠나는 상상여행을 즐길 수 있다.","<a href=""https://tickets.interpark.com/goods/23015335"" target=""_blank"" title=""새창 : 인터파크 티켓 페이지로 이동"">https://tickets.interpark.com/goods/23015335</a>"
매직드로잉 가족극 〈두들팝〉,3114538,인문(문화/예술/역사),공연/행사,기타행사,http://tong.visitkorea.or.kr/cms/resource/32/3114532_image2_1.jpg,서울특별시,126.9136829551,37.5498911308,"매직드로잉 가족극〈두들팝〉 은 재미를 넘어 우리의 창의력을 키워주고 오감발달을 통해 예술과 교육을 함께 배울 수 있는 브러쉬씨어터 만의 창작공연이다.  21개국 60여개 도시 600회 이상 투어공연, 매년 25% 이상 해외 활동하고 있으며, 글로벌과 로컬 프로그램을 동시에 가져가는 글로컬한 공연제작사이다. 손그림과 비주얼 아트의 만남으로 낙서들이 살아 움직이는 마법과 온 가족이 즐길 수 있는 상상과 추억의 나래로의 여행을 떠나보자! 관객들에게 무한한 상상력을 찾아주는 라이브 악기 연주의 향연까지! 호기심 많은 두 친구, 우기와 부기가 초대하는 신나는 낙서의 세계로 관객 여러분을 초대한다.","<a href=""https://tickets.interpark.com/goods/21013289"" target=""_blank"" title=""새창 : 매직드로잉 가족극 〈두들팝〉"">https://tickets.interpark.com/goods/21013289</a>"
매직에디션,3306723,쇼핑,쇼핑,사후면세점,http://tong.visitkorea.or.kr/cms/resource/11/3313111_image2_1.jpg,경기도,126.7514777471,37.6686077579,-,
매직에디션 신세계여주,2905523,쇼핑,쇼핑,사후면세점,http://tong.visitkorea.or.kr/cms/resource/30/2881430_image2_1.jpg,경기도,127.6123672104,37.2413784084,-,
매직에디션 신세계파주,2925643,쇼핑,쇼핑,사후면세점,http://tong.visitkorea.or.kr/cms/resource/70/2888970_image2_1.jpg,경기도,126.6965243749,37.7694061453,-,
매직플로우,3085045,인문(문화/예술/역사),문화시설,미술관/화랑,http://tong.visitkorea.or.kr/cms/resource/37/3085037_image2_1.JPG,경기도,126.8947930433,37.6470294966,"고양 스타필드 3층에 있는 매직플로우 원더 래빗[Wonder Rabbit]은 미디어에 기반한 애니멀 스토리 파크로 토끼를 테마로 한 곳이다. 빛, 소리, 향기를 촉감으로 느낄 수 있게 꾸며져 있다. 숲속의 교향곡은 바람이 불고 나뭇잎 바스락거리는 소리, 숲에서 나는 여러 가지 소리를 숲속의 친구들 그리고 장난치는 토끼와 함께 관람할 수 있는 곳이다. 사운드 룸에서는 똑딱거리는 초침 소리를 듣고 가다 보면 회중시계를 든 토끼를 마주할 수 있다. 이렇게 이상한 나라의 앨리스 이야기를 현실 전시관에 가져다 놓은 듯이 다양한 공간으로 꾸며져 있다.

이곳에는 아쿠아리움 카페도 있는데 원더 래빗과 함께 선보이는 신개념 아쿠아 카페로 바다 깊은 곳에서 휴식을 즐기는 듯한 기분을 느끼게 해주는 곳이다. 체험 영상도 많고 아이들이 모든 감각을 깨우며 집중하며 느낄 수 있는 공간이며 물고기 먹이를 줄 수도 있다. 도심 속에서 안전하게 상상 속 이야기의 주인공과 함께하고 바다를 느껴볼 수 있다.",
매창공원,1608758,인문(문화/예술/역사),휴양관광지,공원,http://tong.visitkorea.or.kr/cms/resource/42/3077542_image2_1.jpg,전북특별자치도,126.7287210396,35.7188235074,"매창공원은 황진이, 허난설헌과 함께 조선시대 여류문장가로 유명한 부안 명기 이매창을 추모하여 조성한 공원이다. 이매창(1573~1610)은 조선 선조 때의 여류시인으로 이름은 계생 또는 향금이라 했으며, 자는 천향이고 호는 매창이다. 부안의 현리 이탕종의 딸로 태어나 아버지한테 글을 배워 한시에 뛰어났으며 가무도 잘했는데 특히 거문고를 잘 탔다. 또한 시조에도 능하여 그의 작품이라 전하는 시가 수 편에 이르는데 대표적으로[이화우 흩날일제..]는 걸작으로 이별을 노래한 시로 으뜸으로 꼽는다.
부안군은 이매창의 시를 새긴 시비와 숲을 조성해 문화공원으로 조성하고 매창테마전시관, 습지공원, 부안문화원, 유희경 광장 등이 있다. 그 외에도 어린이놀이터, 산책로, 농구장 등 운동 시설도 조성되어 있다. 공원 산책길 곳곳에 나무와 꽃들을 식재하고 조형물과 쉼터를 설치하였다. 밤이 되면 공원에는 조명이 켜져 운치 있는 밤 산책도 가능하다. 매창공원에서는 5월에 [부안마실축제]가 개최된다.","<a href=""https://www.buan.go.kr/tour/board/view.buan?boardId=BBS_0000241&menuCd=DOM_000000208001000000&orderBy=REGISTER_DATE%20ASC&paging=ok&startPage=2&dataSid=245894&&cpath=%2Ftour&&cpath=%2Ftour"" target=""_blank"" title=""새창 : 홈페이지로 이동"">https://www.buan.go.kr</a>"
매천 황현 생가,2733413,인문(문화/예술/역사),역사관광지,생가,http://tong.visitkorea.or.kr/cms/resource/14/2733414_image2_1.JPG,전라남도,127.5617658731,34.9934642874,"한말 우국지사이자 역사가인 매천 황현(1855~1910)과 그의 동생 석전 황원(1870~1944)이 태어나서 1886년 구례 만수동으로 이사하기 전까지 살았던 곳이다. 매천 황현은 조선의 마지막 선비로 일컬어지며, ＂매천야록＂, ＂오하기문＂ 등을 지은 역사가이자. 약 2,500여 수의 시를 남긴 문학가로도 유명하다. 매천은 1910년 8월 경술국치를 당하자 절명시 4수를 남기고 순절하였다. 대한민국 정부에서는 그의 충절을 기리어 건국훈장 독립장을 추서하였다. 인근에 2010년 조성된 매천역사공원이 조성되어 있는데 가족 묘역, 절명시, 창의정, 연못 등이 조성되어 있다. 선생의 애국정신을 후세에 전하기 위한 장소로 많은 사람들이 찾고 있다.",
매천사,231912,인문(문화/예술/역사),역사관광지,유적지/사적지,http://tong.visitkorea.or.kr/cms/resource/38/3346238_image2_1.JPG,전라남도,127.4622707481,35.2528833468,"매천 황현(1855~1910) 선생의 위패를 모신 사당이다. 황현 선생은 한말의 순국지사이자 시인이며 문장가이다. 전라남도 광양에서 태어났으며 어려서부터 시를 잘 짓고 재질이 뛰어났다. 1894년 동학농민운동·갑오경장·청일전쟁이 연이어 일어나자 위기감을 느끼고, 경험과 견문한 바를 기록한 ‘매천야록(梅泉野錄)’· ‘오하기문(梧下記聞)’을 지어 후손들에게 남겨 주었다. 1905년 11월 일제가 강제로 을사조약을 체결하여 국권을 박탈하자 김택영과 국권회복 운동을 시도하였으나 실패하였다. 1910년 8월 일제에게 강제로 나라를 빼앗기자, 절명시 4편과 유서를 남기고 아편을 먹어 자결하였다. 1962년 건국훈장 국민장이 추서 되었으며 이건창, 김택영과 함께 한말삼재(韓末三才)라고 불린다. 생전에 살았던 곳에 그의 후손과 지방 유림들이 1955년에 세운 이 사당은 앞면 3칸·옆면 1칸 규모로, 지붕은 옆면에서 볼 때 사람 인(人) 자 모양을 한 맞배지붕이다.","<a href=""https://www.gurye.go.kr/board/view.do?bbsId=BBS_000000000000181&pageIndex=4&nttId=5695&menuNo=101005000000&searchCategory1=&searchCategory2=&searchCategory3="" target=""_blank"" title=""새창 : 홈페이지로 이동"">https://www.gurye.go.kr</a>"
매탄공원,2739476,인문(문화/예술/역사),휴양관광지,공원,http://tong.visitkorea.or.kr/cms/resource/97/2740497_image2_1.jpg,경기도,127.0459038786,37.2669818704,"수원시 매탄공원은 1989년에 조성된 공원으로, 아파트 밀집 지역에 위치하여 시민들의 휴식터로 각광을 받는다. 공원 내에는 다목적 운동장과 테니스장, 배드민턴장, 농구장 등의 체육시설이 들어서 있다. 다목적 운동장은 회사나 종교단체 등의 행사장으로 자주 활용된다. 이밖에도 노인정과 약수터, 화장실  등의 편의시설이 있다. 숲이 우거져 산림욕 하기에도 적당한 곳이다.",
매트그린,2893186,음식,음식점,카페/전통찻집,http://tong.visitkorea.or.kr/cms/resource/75/2893175_image2_1.jpg,경기도,127.0128702394,37.2857818805,"매트그린은 수원화성 장안문 근처에 있는 카페이다. 회색 단독건물로 별도의 주차장이 없어 차량 이용 시 근처 공영주차장을 이용해야 한다. 깔끔하고 아담한 내부에는 투명 유리창이 있고 창밖으로 넝쿨 식물이 꾸며져 있다. 1층에는 카운터와 테이블 2개가 있고 밖에서 올라갈 수 있는 2층과 3층에 다양한 크기의 좌석이 배치되어 있다. 아메리카노, 시나몬 돌체 라떼, 말차슈페너, 에이드, 라테, 홍차 등의 음료와 스콘, 브라우니, 크럼블, 치즈케이크 등의 디저트를 맛볼 수 있다. 주변에 화서공원, 수원 전통문화관 등의 볼거리가 있다.",
"매포전통시장(4, 9일)",250510,쇼핑,쇼핑,5일장,http://tong.visitkorea.or.kr/cms/resource/00/1959800_image2_1.jpg,충청북도,128.2989891795,37.0345955041,"매포읍 평동장은 매월 4일, 9일에 열리는 전형적인 재래시장으로 단양 육쪽마늘을 비롯하여 할머니의 정성이 흠뻑 담긴 각종 산나물과 채소, 찰옥수수, 감자, 약초 등의 농산물을 구매할 수 있는 시장이다. 
시골 아낙들의 주름에 담겨 있는 애환을 팔고 사며, 이웃 동네 사람과 안부와 정을 나누는 정기 장날에는 뻥튀기 장수의 뻥 하는 소리와 튀밥의 고소한 향기가 그윽하고 기름집에서는 참기름 짜는 냄새가 진동하며 술 취한 할아버지의 술타령이 흥을 돋우고 순대 할머니의 푸짐 한 인심이 한몫 더하는 그야말로 진짜 시장이다. 
3,818㎡의 부지의 시장 내에는 50개의 점포가 있으며 5일장 외에도 상설로도 장이 열린다.
주변에 볼거리로는 팝스월드 다자구할미네, 북벽, 남천계곡, 석문, 금수산, 양방산전망대, 소선암자연휴양림, 단양 신라 적성비, 소백산 가리점 마을 등이 있다.","<a href=""https://www.youtube.com/channel/UCv1hAgKwyNy5LxeBrnFVDwA"" target=""_blank"" title=""매포전통시장 유튜브로 이동"">https://www.youtube.com/channel</a>"
매학정일원,1129226,인문(문화/예술/역사),역사관광지,유적지/사적지,http://tong.visitkorea.or.kr/cms/resource/86/3348986_image2_1.jpg,경상북도,128.3624936073,36.1956009637,"매학정은 고산 황기로와 그의 사위 옥산 이우가 풍류를 즐기고 학문을 연마하던 곳이다. 고산은 서예가 뛰어나서 초성이라 하였고 옥산 역시 서예의 대가였다. 1533년에 조부의 휴양지에 정자를 지어 매학정이라 하였으며, 후에 옥산이 물려받았다. 1592년 임진왜란으로 소실되어 1654년 옥산의 증손 학정 이동명이 중건하고 1675년 그 옆에 귀락당을 지었다. 이 정자는 남향으로 정면 4칸, 측면 2칸으로 이루어져 있다. 화강암으로 쌓은 3층의 기단 위에 막돌 주춧돌을 놓고 기둥을 세웠다. 처마 끝 서까래가 1단으로 된 홑처마에 팔작지붕이다. 1843년 정자 뒤에 세운 매강서원은 1868년 훼철되어 주춧돌만 남아있다.","<a href=""https://www.gumi.go.kr/tour/main.do""target=""_blank"" title=""구미 문화관광"">https://www.gumi.go.kr/tour/main.do</a>"
매학폭포,1686758,자연,자연관광지,폭포,,충청북도,128.0598722172,36.8244596379,"충청북도 충주시 수안보면 사문리에 있는 폭포로 화강암 절벽에서 수직으로 시원스럽게 떨어지는 폭포이다. 백두대간 바로 옆의 신선봉 북쪽 비탈면에 있으며 노은면의 수룡폭포, 살미면의 팔봉폭포와 함께 충주시에서 몇 안 되는 폭포 중 하나이다. 신선봉 일대는 화강암 산지로서 수평의 판상절리가 잘 발달하여 곳곳에 층층이 쌓인 암반들을 관찰할 수 있다. 암반에 수직절리가 결합하면서 골짜기에 형성된 암벽의 물줄기가 매학폭포인데, 층층이 쌓인 암반 위로 쏟아지는 물줄기가 주변 산세와 어우러져 장관을 이루는 곳이다.
폭포로 진입하는 등산로 주변에는 화강암에서 떨어져 나온 표석들이 사면을 덮고 있으며, 그 사이사이로 소나무와 낙엽수들이 자라고 있다. 수안보면 미륵리 방향으로 도로를 따라가다 사문리 뫼약동에서 오른쪽으로 꺾으면 폭포로 가는 길이 나온다. 매학폭포에서 신선봉, 마역봉, 조령 3관문으로 이어지는 등산로는 많은 사람이 찾는 곳이다. 실제 표지판에는 신선폭포로 표기되어 있다. 물에 젖은 암반으로 인해 미끄러우니 폭포 주변에서는 안전에 유의해야 한다.","충북나드리 <a href=""https://tour.chungbuk.go.kr/www/selectTourCntnts.do?key=60&searchMainSe=ATTR&tourNo=716"" target=""_blank"" title=""충북나드리 사이트로 이동"">http://tour.chungbuk.go.kr</a><br/>충주 문화관광 <a href=""https://www.chungju.go.kr/tour/index.do"" target=""_blank"" title=""새창: 충주 문화관광 홈페이지로 이동"">https://www.chungju.go.kr/tour/index.do /</a>"
매향,2736871,음식,음식점,한식,http://tong.visitkorea.or.kr/cms/resource/08/2737208_image2_1.jpg,충청남도,127.1216551716,36.4656449959,"매향의 대표 메뉴는 막국수와 냉면이다. 메밀을 직접 맷돌로 갈아 만든 면이 별미다. 물냉면은 구수한 고기 육수, 물막국수는 동치미 육수를 사용하여 시원한 맛을 더해주었다. 얇게 썬 소고기 수육에 신선한 야채와 양념을 버무린 편육무침을 메밀면과 곁들여 먹으면 더욱 맛있게 먹을 수 있다. 모든 음식은 포장이 가능하다.",
매향리아트런,2856569,인문(문화/예술/역사),공연/행사,기타행사,http://tong.visitkorea.or.kr/cms/resource/01/3021801_image2_1.jpg,경기도,126.74901214,37.0377503547,"고온항부터 농성까지 바닷길이 열리는 단 ‘4시간’, 예술과 함께하는 느린 걷기대회이다. 물길이 열리는 오전 11시부터 오후 2시까지만 진행된다. 모든 프로그램이 무료로 진행되며 문화예술인들의 다양한 예술 행사도 함께한다. 바쁜 세상 속 바닷길이 열리는 단4시간, 오롯이 나에게 집중하는 사색의 시간 가질 수 있는 대회이다.","홈페이지 : <a href=""https://hsmunhwa.oopy.io/artrun"" target=""_blank"" title=""새창 : 매향리아트런 홈페이지"">https://hsmunhwa.oopy.io/artrun</a><br>
인스타그램 : <a href=""https://www.instagram.com/yulteo/"" target=""_blank"" title=""새창 : 매향리아트런 인스타그램"">https://www.instagram.com/yulteo/</a>"
매향리캠핑장,3017596,레포츠,육상 레포츠,"야영장,오토캠핑장",http://tong.visitkorea.or.kr/cms/resource/29/3004229_image2_1.jpg,경기도,126.746262381,37.0380586042,"매향리 캠핑장은 바다 뷰의 캠핑장으로 근처 바닷가에서 낚시와 갯벌체험도 즐길 수 있는 서해바다의 아름다운 일몰을 감상할 수 있는 곳이다.
이곳은 정확한 사이트 구획이 없어 사이트가 조금 좁고, 차를 텐트 옆에 세울 수 없어 공터에 주차 후 짐을 옮겨야 하는 단점이 있지만, 선착순으로 자리를 잡을 수 있어 먼저 오는 팀이 1단 사이트에서 바다를 내려다볼 수 있다. 
캠핑장에서 바닷가로 바로 내려가는 길이 있는데 이곳에서 꽃게, 망둥어, 조개잡이 체험을 할 수 있고, 아름다운 일몰과 날아다니는 철새를 감상할 수 있다. 주말 및 공휴일은 2박부터 예약 가능하며 예약은 전화를 통해서만 가능하다. 
주변에 매향리평화생태공원은 넓고 한적해서 산책을 즐기기 좋다.",
매향리평화생태공원,2863621,자연,자연관광지,자연생태관광지,http://tong.visitkorea.or.kr/cms/resource/12/2863612_image2_1.jpg,경기도,126.7556891501,37.0436886746,"경기도 화성시 우정읍 매향리에 있는 공원이다. 54년간 미 공군사령부의 공군사격장으로 사용하던 쿠니사격장 부지였던 곳을 생태공원으로 조성하였다. 주민들의 노력으로 2005년 8월에 사격장을 폐쇄하였고 그 후 아픈 역사를 보존하고 관광객 유치를 통한 지역 경제 활성화를 목적으로 2021년 9월에 공원으로 재단장하였다. 잔디 마당, 매향정, 파고라, 작가정원, 습지생태원, 마을 숲 산책로, 평화기념관, 평화의 소녀상 등의 시설을 갖추고 있다. 생태공원 산책로와 함께 사격장이 있던 바닷가로 가벼운 산책도 할 수 있다. 유소년 야구장인 화성 드림파크가 바로 인접해 있고 공원 내에는 화성시 공예문화관이 있다. 드림파크를 가운데 두고 맞은 편에는 매향리 평화역사관이 있다.

◎ 한류의 매력을 만나는 여행 정보 - 예능 <런닝맨>
런닝맨 ‘토크 광들을 위한 노가리 레이스’ 편에서는 초록빛 들판을 뒤로한 채 즐거운 얼굴로 끊임없는 수다를 이어가는 멤버들을 볼 수 있다. 유독 자연 풍경이 아름다웠던 이곳은 경기도 화성시에 있는 ‘매향리평화생태공원’이다. 54년간 미 공군 사령부의 공군사격장으로 사용하던 쿠니사격장 부지였던 곳을 생태공원으로 조성한 장소로, 현재는 화성시민부터 관광객 모두에게 사랑받는 장소로 탈바꿈되었다. 일상을 벗어나 잠시 숨을 돌리고 싶다면 이곳을 찾아가 볼 것을 추천한다.",
매향리평화역사관,2737295,인문(문화/예술/역사),역사관광지,안보관광,http://tong.visitkorea.or.kr/cms/resource/14/3350214_image2_1.jpg,경기도,126.7634883258,37.0479994245,1951년부터 54년간 주한미군이 전투기 사격장으로 이용하던 곳이다. 쿠니사격장의 ‘쿠니’는 매향리의 옛 지명인 고온리를 미군이 잘못 발음하여 불린 데에서 시작되었다. 사격장이었던 만큼 다양한 폭탄 잔재들이 남아있다. 6.25 전쟁의 아픔을 알리기 위해 문화 예술 공간으로 재탄생되었다. 평화의 소녀상 등 폭격 훈련 잔해인 포탄과 탄피로 만든 작품들이 있다.,
매향항선착장,2737278,자연,자연관광지,항구/포구,,경기도,126.7487566688,37.0355061658,서해안의 아름다운 일몰을 감상할 수 있는 매향리 작은 포구이다. 우정읍 매향리와 궁평항을 잇는 화성 방조제의 아름다운 서해를 볼 수 있다. 매향리 선착장 가는 길목에 매향리 역사관이 있다. 1951년부터 2001년 6월까지 주한미군 공군 폭격 훈련장으로 사용되던 농섬(일명 쿠니사격장)과 그 일대의 기록을 남겨놓았다. 폭격으로 섬 자체가 반 정도 남아있는 농섬에는 수많은 철새들이 찾아온다.,
매헌 시민의 숲,1131275,자연,자연관광지,산,http://tong.visitkorea.or.kr/cms/resource/66/2668466_image2_1.jpg,서울특별시,127.0369572316,37.473038377,"매헌시민의 숲은 우리나라 최초로 숲 개념을 도입한 공원으로 도심에서 보기 힘든 울창한 숲을 이루고 있는 공원이다. 86 아시안 게임과 88 올림픽을 앞두고 당시 서울의 관문이었던 양재 톨게이트 주변 환경을 개선하고자 1986년에 공원으로 조성되었다. 매헌로를 기준으로 북측 구역에는 매헌윤봉길의사기념관, 바닥분수, 어린이놀이터 등이 있으며 사계절 풍경이 아름다워 공원을 산책하는 시민들에게 사랑받는 공간이다. 남측 구역에는 유격 백마부대 충혼탑과 1987년 미얀마 안다만해협 상공에서 북한의 테러로 폭파된 대한항공 858편의 위령탑, 1995년 삼풍백화점 붕괴로 사망한 희생자와 유족들을 위로하기 위해 세운 위령탑, 우면산 산사태 희생자 추모비 등이 있다.
(출처 : 서울의 공원)","서울의 공원<a href=""https://parks.seoul.go.kr/template/sub/citizen.do"" target=""_blank"" title=""서울의 공원 사이트로 이동"">http://parks.seoul.go.kr</a>"
매헌 윤봉길의사 기념관,753972,인문(문화/예술/역사),문화시설,기념관,http://tong.visitkorea.or.kr/cms/resource/10/755610_image2_1.jpg,서울특별시,127.0369572323,37.4730133801,"매헌 윤봉길의사 기념관은 윤봉길 의사의 삶과 업적을 올바르게 알리고 농촌계몽과 의열 투쟁을 위한 애국애족의 나라 사랑 정신을 널리 선양하고자 건립한 기념관이다. 지하 1층부터 지상 3층에 이르는 규모를 가지고 있고, 전시물로는 윤봉길 의사의 유품과 생애 사진, 훈장 그리고 항일독립운동 관련 사진 등이 전시되어 있다. 제1전시관은 윤봉길 의사의 연표와 출생과 성장, 유품 등이 전시되어 있고 제2전시관은 상하이 도착, 한인애국단 입단, 순국, 추모 공간으로 구성되어 있으며 중앙홀에는 매헌 윤봉길 의사의 좌상이 있으며, 뮤지업샵, VR 체험, 크로마키·AR 체험 등 할 수 있는 공간이 마련되어 있다.","<a href=""http://www.yunbonggil.or.kr/_memorial_hall/"" target=""_blank"" title=""새창 : 홈페이지로 이동"">http://www.yunbonggil.or.kr/</a>"
매헌시민의숲 가을축제,3402911,인문(문화/예술/역사),축제,일반축제,http://tong.visitkorea.or.kr/cms/resource/05/3402905_image2_1.jpeg,서울특별시,127.0368379074,37.4691610476,"<매헌시민의숲 가을축제>에서는 새롭게 단장한 야외예식장에서 선보이는 클래식, 해금, 팝페라 등 다양한 음악과 미라클 매직쇼가 진행된다.
13~18시까지 여행돌 만들기, 다육화분 꾸미기 등 다양한 체험프로그램이 준비되어 있다.","<a href=""https://parks.seoul.go.kr/story/news/detailView.do?searchTp=all&searchWd=&currentPage=1&bIdx=3420&SH_C_START_DATE=&SH_C_END_DATE=&SH_C_CODE=&SH_C_PARK_CODE="" target=""_blank"" title=""새창 : 매헌시민의숲 가을축제 페이지"">https://parks.seoul.go.kr/</a>"
매화곤드레밥광명점,2733420,음식,음식점,한식,http://tong.visitkorea.or.kr/cms/resource/30/2773830_image2_1.jpeg,경기도,126.8573297157,37.4525069943,"매화곤드레밥 광명점은 깔끔하고 담백한 맛을 자랑한다. 대표메뉴인 매화곤드레 정식 외에도 제육정식이나 불고기정식, 쭈꾸미 정식 등 취향에 맞게 다양한 한정식을 맛 볼 수 있다. 국내산 쌀과 강원도 정선 평창동에서 생산된 곤드레를 사용하는데, 해발 800m 이상의 고랭지 지역에서 자라난 곤드레는 특히 맛이 담백하고 부드럽다. 넓은 주차장을 보유하고 있어 주차하기 용이하다.","<a href=""https://maehwagondeule.modoo.at/?link=13qr9uxg"" target=""_blank"" title=""새창 : 매화곤드레밥광명점 사이트로 이동"">https://maehwagondeule.modoo.at/?link=13qr9uxg</a>"
매화당생갈비 의정부점,2832424,음식,음식점,한식,http://tong.visitkorea.or.kr/cms/resource/22/2832422_image2_1.jpg,경기도,127.0438770112,37.7320667248,"경기 의정부시 신흥로에 있는 소갈비 전문점이다. 범골역 1번 출구에서 약 350m 거리에 있기 때문에 지하철이나 대중교통을 이용해서 방문할 수도 있다. 농림축산식품부 안심식당으로 선정된 곳이다. 특급 생갈비, 소생 갈빗살, 눈꽃살 등 품질 좋은 소고기를 맛볼 수 있으며, 생갈비 세트를 주문하면 여러 종류의 고기를 함께 맛볼 수 있다. 식사 후 남은 고기는 진공포장하여 가져갈 수 있고 반찬은 셀프 코너를 이용해 얼마든지 추가로 가져다 먹을 수 있다. 평일 오후 3시 이전에 고기를 주문하면 냉면이나 공깃밥을 서비스로 제공한다. 단체석이 준비돼 있고 근처에 한길 문화공원이 있어 식사 후 산책하기에 좋다.",
매화둠벙마을,801460,인문(문화/예술/역사),체험관광지,농.산.어촌 체험,http://tong.visitkorea.or.kr/cms/resource/73/2630973_image2_1.bmp,충청남도,126.2268044403,36.8120451753,"자연경관과 생태환경이 잘 보전된 농촌마을이다. 습지식물인 매화마름, 금개구리, 늦반딧불이 등 환경부 지정 멸종 위기 보호 생물종이 서식하고 있는 생태마을로 오염되지 않은 천혜의 환경을 자랑한다. 넓은 간척지에서 친환경 농법으로 쌀을 생산하기 때문에 매화둠벙마을의 쌀은 밥맛이 특히 좋기로 유명하다. 마을 이름에서 알 수 있듯 마을 내 둠벙이 104개 있으며 전국 최대 수준이다. 이 중 사람이 접근 가능한 둠벙은 약 50개이다. 마을에서는 이들 둠벙을 관찰하는 둠벙생태학습 체험을 할 수 있고 별도로 조성한 둠벙체험장에서 둠벙푸기(물고기잡기) 체험을 진행한다. 둠벙체험장에 체험을 위해 미리 풀어놓는 물고기는 실제 둠벙에서 마을 주민이 직접 잡아온 자연산 물고기다.

장뇌삼 화분 만들기 체험은 또 다른 대표 체험이다. 마을에는 약 3만 평의 장뇌삼 재배지(산)가 있는데 여기에서 7~10년 된 장뇌삼 한 뿌리를 화분에 심어 가져가는 체험이다. 매년 꽃이 피고 열매를 맺는데 관상용으로 좋다. 마을에서 재배하는 장뇌삼을 활용하기 때문에 가격 경쟁력도 크다. 사구로 유명한 신두리 해안까지 차로 약 20분 소요된다.","<a href=""http://www.dumbeong.com/"" target=""_blank"" title=""새창: 매화둠벙마을 홈페이지로 이동"">http://www.dumbeong.com/</a>"
매화둠벙마을영농조합법인,2748177,레포츠,육상 레포츠,"야영장,오토캠핑장",http://tong.visitkorea.or.kr/cms/resource/36/2747636_image2_1.JPG,충청남도,126.226823881,36.8121173891,"매화둠벙마을 캠핑장은 충남 태안군 원북면에 있다. 태안군청을 기점으로 약 15km 거리에 있으며, 차량을 이용해 서해로, 원이로, 동해길을 차례로 거치면 닿는다. 도착까지 소요 시간은 30분가량이다. 이곳은 농촌 체험마을에서 운영하는 캠핑장으로 다양한 체험 활동과 캠핑을 즐길 수 있다. 캠핑장에는 글램핑 시설 9동을 마련했다. 사이트 크기는 가로 5m 세로 6m다. 개별 화로대, 공동취사장, 전기, 무선인터넷을 이용할 수 있다. 개인 트레일러와 카라반 입장은 불가능하다. 관리소에서는 텐트, 화로대, 난방기구, 식기를 빌려 준다. 캠핑장은 사계절 내내 운영하며, 예약은 전화와 온라인 실시간으로만 받는다. 매점은 없지만, 자동차로 10여 분 거리에 슈퍼와 편의점이 있어 물품 구매에 어려움은 없다. 캠핑장 주변에 태안 신두리 해안사구, 두웅습지 등 관광지와  꽃게탕과 꽃게장을 맛볼 수 있는 음식점 등이 있다.","<a href=""http://www.dumbeong.com/page/?pid=history"" target=""_blank"" title=""새창 : 매화둠벙마을영농조합법인 사이트로 이동"">http://www.dumbeong.com/page/?pid=history</a>"
매화마름,2872884,음식,음식점,카페/전통찻집,http://tong.visitkorea.or.kr/cms/resource/72/2872872_image2_1.jpg,인천광역시,126.5194304598,37.6352603102,"매화마름은 초지진 선착장 한국내셔널트러스트 (The National Trust of Korea) 시민 유산인 제1호 강화 매화마름군락지 인근에 있다. 매장 앞 주차장이 있어 차량 이용 방문이 편리하다. 이곳은 방송사 유명 TV 프로그램에 누룽지얼그레이식빵이 소개된 디저트 카페다. 매장은 건물 2개가 연결되어 있고 주차장부터 매장 주위는 정원으로 되어 있다. 테이블이 분산되어 있어 매장이 넓고 개방감이 있어 조용하게 대화를 나눌 수 있다. 룸 자리도 있어 단체로 오기에도 좋다. 메뉴는 식빵, 커피, 라테, 어린이 메뉴, 드립 커피, 스무디로 구성되어 있다. 조각 케이크, 호두 파이, 롤케이크 등 다양한 베이커리도 준비되어 있다. 식빵이 나오는 시간에 따라 갓 구운 빵을 먹을 수 있다. 반려동물도 입장할 수 있다. 카페 인근에 강화초지진, 강화매화마름군락지, 초지진 선착장 등이 있어 연계 관광을 할 수 있다.
※ 반려동물 동반 가능","<a href=""https://www.instagram.com/maehwamareum_cafe""target=""_blank"" title=""새창 : 매화마름 사이트로 이동"">https://www.instagram.com/maehwamareum_cafe</a>"
매화마을 녹색길,2702539,레포츠,육상 레포츠,트래킹,http://tong.visitkorea.or.kr/cms/resource/36/3410236_image2_1.JPG,강원특별자치도,128.3718407004,37.3273714997,"평창군 남부지역에 위치한 매화마을은 마을을 두르며 흐르는 평창강과 기암절벽, 우뚝 솟은 산세와 소나무 숲길이 아름다운 곳이다. 매화마을 녹색길을 지나 강변으로 내려온다면 전형적인 평화로운 농촌이 그림처럼 펼쳐진다.
매화마을에는 정작 매화는 한 그루도 없다. 응암리를 우리말로 풀어보면 ‘매바위골’ 쯤 되는데, 남도에 지천으로 피는 매화가 아니라 매에게 화를 당했다 해서 매화마을로 지칭하게 되었다. 아름다운 매화꽃이 피는 마을이 아니라 슬픈 전설을 간직한 마을이다. 하지만 지금에 이르러서는 청정지역 평창의 아름다운 자연경관과 함께 아양정, 여울목길, 성필립보생태마을을 둘러볼 수 있는 매화마을 녹색길이 조성되어 많은 사람들의 사랑을 받고 있다.

(출처 : 강원도청)","<a href=""http://tour.pc.go.kr"" target=""_blank"" title=""새창: 평창 문화관광 홈페이지로 이동"">http://tour.pc.go.kr</a>"
매화마을(매호리마을),128362,인문(문화/예술/역사),체험관광지,농.산.어촌 체험,http://tong.visitkorea.or.kr/cms/resource/38/2494438_image2_1.jpg,강원특별자치도,127.8831155308,37.4142578615,"꽃 냄새 피어나는 초봄이면 원주시 호저면 매호리는 매화 향기가 코끝을 간지럽히는 매화꽃축제로 마을이 들뜬다. 온 마을이 매화로 가득 차 장관을 이룬다는 매화마을의 봄은 많은 도시인들에게 자랑할 만한 소중한 자산이다. 매화마을은 또 오래전 항일운동에 앞장섰던 마을이자 고향을 생각하는 사람들의 애틋한 마음이 고향동산이라는 공원으로 만들어져 훈훈한 감동을 주는 마을이다. 여기에 효성 지극한 자식을 기려 효자비까지 세워질 정도로 풍경이면 풍경, 인심이면 인심, 먹거리면 먹거리까지 다양한 이야깃거리가 만발하는 고장이다.

매화마을의 명소로는 섬강과 소군산을 들 수 있다. 섬강은 이름난 곳은 아니지만 새들이 군락지를 이룰 정도로 맑은 물과 풍부한 먹거리를 자랑한다. 특히 섬강은 천만 서울시민의 식수원이 되는 한강의 한 지류이기도 해 주변 농가들은 대부분 친환경 농법으로 농작물을 재배하고 있다. 마을을 뒤에서 감싸고 있는 소군산은 등산로가 잘 정비돼 있고 봄 가을로는 산채가 많이 생산돼 신기한 나물들을 직접 채취해 볼 수 있는 곳으로 인기다. 그리고 마을 입구에서 있는 350년 이상 된 느티나무 두 그루는 마을을 지켜주는 수호신처럼 늠름한 자태를 뽐내고 있다.",
매화반점,2685447,음식,음식점,중식,,서울특별시,127.0679470041,37.5384146766,한국 미식프로그램에 소개된 매장이다 대표메뉴는 양꼬치다. 서울특별시 광진구에 있는 중식전문점이다.,
매화산(강원),125609,자연,자연관광지,산,,강원특별자치도,128.0965381607,37.4063627557,"* 신선이 살던 산, 매화산(강원) *
매화산은 1,085m의 꽤 높은 봉우리로 꼭대기에서 서남쪽으로 능선이 이어지다가 치악산 비로봉과 합쳐지며, 동쪽으로는 백덕산과 마주보고 있다. 치악산에 반해 그윽한 여성미를 자랑한다. 예전에 신선이 살았다고 해서 지금도 주민들은 신선봉이라 부른다. 주위에 치악산(비로봉:1,228m) ·남대봉(南臺峰:1,182m)  ·배향산(拜向山:808m) ·삿갓봉(1,030m) 등이 있다. 북쪽 기슭에는  오원(烏原)저수지가 있으며, 남쪽 비탈면은 주천강(酒川江)의 발원지이다. 서쪽 기슭에는  구룡사(龜龍寺) ·구룡폭포 등 명승지와 청소년수련장이 있어 관광객이 많다.  영동고속국도가 북쪽 기슭을 지나고, 중앙고속국도가 서쪽 기슭을 지나며, 원주~안흥리  간 시내버스가 운행되므로 교통은 편리하다.   

* 매화산 이용시 유의사항 * 
매화산은 치악산국립공원 지역으로 법정탐방로가 없는 연중 출입이 금지된 곳이며 국립공원 특별사법경찰이 무단출입자 단속을 시행하고 있는 지역입니다. 무단출입자에 대한 처벌은 자연공원법 제28조에 의거 50만원의  과태료를 부과하고 있으며, 무단출입자가 산나물을 채취할 경우 자연공원법 23조에  의거 3년이하의 징역이나 3천만원 이하의 벌금을 받습니다.","<a href=""https://www.wonju.go.kr/tour/index.do"" target=""_blank"" title=""새창: 원주시 문화관광 홈페이지로 이동"">https://www.wonju.go.kr/tour/index.do</a>"
매화산(합천),1906036,자연,자연관광지,산,,경상남도,128.1014675273,35.7626870179,"매화산 남산제일봉은 가야산의 남쪽에 위치하는 높이 1,010m의 산으로 가야산국립공원에 속해 있다. 산을 이루는 기암괴석이 매화꽃이 만개한 것 같다 하여 매화산이라는 이름이 붙었다. 합천 8경 중 제4경에 해당하며, 매화산 주 능선 동쪽 기슭에는 청량사가 자리하고 있다. 
산세가 금강산을 닮아 날카로운 바위 능선이 있는가 하면 울창한 상록수림이 녹색과 붉은색의 조화를 이루기도 해 작은 금강산이라 불린다. 또, 기암괴석들을 불상에 빗대어 천 개의 불상이 능선을 뒤덮고 있는 듯한 모습 때문에 천불산이라 불리기도 한다. 
산행코스는 농산정에서 출발하여 능선삼거리를 거쳐 정상에 오른 뒤 안부를 경유하여 신부락으로 내려오는 코스가 3시간 20분 걸리고, 청량동에서 출발하여 청량사를 경유하는 코스는 3시간 50분 소요된다.","합천 문화관광 <a href=""http://www.hc.go.kr/tour.web"" target=""_blank"" title=""새창 : 합천 문화관광 사이트로 이동"">http://www.hc.go.kr/tour.web</a> <br><a href=""https://www.knps.or.kr/front/portal/visit/visitCourseSubMain.do?parkId=120700&parkNavGb=guide&menuNo=7020084"" target=""_blank"" title=""새창 : 홈페이지로 이동"">https://www.knps.or.kr</a>"
매화쌈밥 고양점,2830499,음식,음식점,한식,http://tong.visitkorea.or.kr/cms/resource/86/2830486_image2_1.jpg,경기도,126.863574247,37.6266507534,"매화쌈밥 고양점은 덕양구 도내동에 있다. 매일 아침 들어오는 싱싱한 8가지 쌈과 제육볶음이 무한 제공된다. 그리고 간장새우, 가자미튀김 등 각종 반찬과 함께 푸짐한 한 상 차림으로 세팅된다. 셀프 바에는 야채들과 반찬들을 가득 채워놓아 손님들이 편하게 이용하도록 준비되어 있다. 쌈밥에서 빼놓을 수 없는 우렁된장은 매화쌈밥의 맛을 한층 높여준다. 근처에 이케아 고양점과 스타필드 고양점이 있다.",
매화쌈밥 광명점,2733432,음식,음식점,한식,http://tong.visitkorea.or.kr/cms/resource/51/2773451_image2_1.jpeg,경기도,126.8603461022,37.4527070241,"매화쌈밥은 싱싱하고 다양한 종류의 8가지 쌈 채소와 함께 제육볶음, 간장새우, 가자미튀김 등의 메인요리 외에 기본반찬 12가지를 포함한 약 16가지의 건강하고 다채로운 음식을 제공하고 있다.  특히 신선한 식재료를 사용하여 고객에게 최상의 밥상을 제공한다. 아울러 메인요리인 제육볶음과 간장새우 등은 무한리필이 가능하며, 다양한 쌈 채소는 쌈야채 셀프바에서 마음껏 가져다 먹을 수 있다.",
매화쌈밥 김포점,2869908,음식,음식점,한식,http://tong.visitkorea.or.kr/cms/resource/00/2869900_image2_1.JPG,경기도,126.6981804531,37.6468565659,"매화쌈밥은 운양동 한옥마을 인근 김포아트빌리지 바로 앞에 있는 쌈밥정식 집이다. 주메뉴인 우렁쌈밥을 주문하면 푸짐한 쌈 채소에 다양한 밑반찬과 제육볶음을 곁들여 맛있게 먹을 수 있다. 특히 제육볶음은 계속 리필이 가능하여 고기를 좋아하는 분들은 양껏 먹을 수 있다. 쌈밥정식에는 간장새우, 생선튀김, 우렁쌈장, 된장국과 돌솥밥이 한 상 가득 나오며, 어린이를 위한 돈가스도 주문할 수 있다. 우렁쌈장에는 우렁이 듬뿍 담겨 있고 여러 가지 견과류를 갈아 두부와 숙성한 쌈장이라 고소하고 깊은 맛이 있다. 1층 매장에서 반찬을 판매하고 있어 구매할 수 있다. 
※ 반려동물 동반불가 (단, 안내견은 가능)",
매화쌈밥 오산점,2756670,음식,음식점,한식,http://tong.visitkorea.or.kr/cms/resource/45/2756845_image2_1.jpeg,경기도,127.0352958797,37.1899767045,"경기도 오산시 세교동에 있는 홍매화쌈밥 오산점은 쌈밥 전문점으로, 다양한 종류의 싱싱한 8가지 쌈과 제육볶음, 간장 새우, 가자미 튀김 외에 기본찬 12가지를 포함한 약 16가지의 건강한 음식을 제공한다. 대표메뉴인 우렁쌈밥정식을 주문하면 쌈 야채와 제육볶음, 간장새우는 무한리필이 가능하다. 항상 신선한 식자재를 사용하며 청결하게 매장을 관리한다. 넓은 주차 공간을 보유하고 있어 주차하기도 편리하다. 근처에 물향기 수목원이 있어 식사 전후로 휴식을 취하기 좋다.",
맥,3306108,쇼핑,쇼핑,사후면세점,http://tong.visitkorea.or.kr/cms/resource/74/3313874_image2_1.jpg,서울특별시,126.9055901684,37.5172308925,-,
맥 롯데안산,2924959,쇼핑,쇼핑,사후면세점,http://tong.visitkorea.or.kr/cms/resource/44/2882044_image2_1.jpg,경기도,126.8345133215,37.3180555223,-,
맥 월드타워점,2925527,쇼핑,쇼핑,사후면세점,,서울특별시,127.1040749597,37.5141653654,-,www.maccosmetics.com
맥도생태공원,2487927,자연,자연관광지,자연생태관광지,,부산광역시,128.9549259546,35.1523490931,"맥도생태공원은 낙동강하구둑부터 공항램프까지 하천내 자연적으로 형성된 둔치지역이며, 낙동강하구 천연기년물 179호(철새도래지)로 지정된 지역이다. 이곳은 과거부터 벼농사 등의 농경지로 이용되어 아직까지 겨울철새의 먹이터 겸 쉼터로 관리되도록 하였다. 겨울철새에 대한 배려 이외에도 생태공원의 특징을 살려 갈대밭, 연꽃단지, 수생식물원 등을 조성하여 시민들의 볼거리를 만들었고, 그밖에 각종 체육시설과 휴게시설이 구비되어 있다.","<a href=""https://www.busan.go.kr/nakdong/macdopark01""새창 : 국립무형유산원 홈페이지로 이동"">https://www.busan.go.kr</a>"
맥롯데평촌점,2930182,쇼핑,쇼핑,사후면세점,,경기도,126.950436882,37.3900381258,-,
맥문동,2837876,음식,음식점,카페/전통찻집,http://tong.visitkorea.or.kr/cms/resource/68/2837868_image2_1.jpg,광주광역시,126.8352455795,35.1426739587,"맥문동은 창고형 건물을 개조한 듯한 흰색 건물 외관이 멋스럽다. 이곳은 1층 다이닝레스토랑, 2층 카페와 라운지로 구성된 복합 공간이다. 웨이팅이 필수일 정도로 손님들이 발길이 끊이지 않는다. 다양한 식사메뉴, 디저트와 음료가 준비되어 있어 한 건물에서 식사와 후식을 해결할 수 있다는 장점이 있다. 깔끔한 플레이팅과 개성 있는 메뉴들 때문인지 특히 젊은 층에 인기가 많다. 

※ 2층 카페&라운지는 노키즈존으로 운영하고 있음.(8세 이하 영유아는 이용 불가)","<a href=""https://www.instagram.com/macmundong""target=""_blank"" title=""새창 : 맥문동 사이트로 이동"">https://www.instagram.com/macmundong</a>"
맥문동숲길,3029498,자연,자연관광지,산,http://tong.visitkorea.or.kr/cms/resource/82/3029482_image2_1.jpg,광주광역시,126.9171206692,35.1827485923,"맥문동숲길은 용봉나들목에서 문흥분기점에 이르는 도심 속 숲길로, 기존에는 『천지인 문화소통길』이라는 명칭을 사용하였다. 이후 메타세쿼이아 숲을 따라 맥문동꽃이 어우러져 핀다고 하여 맥문동숲길이라는 명칭으로 변경되었다.
천지인 문화소통길[4.7㎞]은 광주광역시 북구청이 2012년 행정안전부의 『친환경 생활공간 조성사업』 공모에 선정되어 총 5억 원의 예산을 들여 2013년 조성한 『시민의 솟음길』 8㎞ 구간의 일부에 속한다. 시민의 솟음길은 문흥동 중흥파크맨션 입구에서 삼각산 길을 따라 주룡마을까지 메타세쿼이아를 활용한 녹색길이다. 맥문동숲길은 호남고속도로 곁을 따라 이어지는 천지인 문화소통길 중에서 『지(地)』의 공간에 속하는 길이다. 1970년대에 광주광역시를 지나는 호남고속도로 도심 구간을 도시와 구분하기 위해 둑을 쌓았고, 1980년대 후반부터 문흥지구 등 신도시가 들어서면서 방음벽이 세워지자 외곽의 자투리땅으로 방치된 공간이었다. 광주광역시 북구청과 주민들이 약 4년에 걸쳐 가꾼 결과, 지금의 아름다운 숲이 되어 각광받게 되었다. 매년 5~6월 메타세쿼이아 숲길을 따라 약 1㎞ 구간에 걸쳐 보랏빛 맥문동꽃이 필 때면 전국의 사진작가들이 줄지어 찾아온다.
맥문동숲길은 호남고속도로변의 완충녹지 구역으로, 주민들이 나서서 버려진 땅에 메타세쿼이아 나무와 맥문동을 심어 명품길로 호평받고 있다. 맥문동은 꽃보다 약초로 더 알려진 백합과에 속하는 여러해살이풀로 겨울에도 푸른 잎이 남아 있을 정도로 생명력이 강한 식물이다. 또한 큰 나무의 그늘 밑에서 조화를 잘 이루는 것으로 알려져 있다. 현재 맥문동숲길에는 의자, 안내판, 데크로드 등 편의시설과 야간조명을 비롯한 경관시설 등이 설치되어 있다. 2017년부터 용봉나들목에서 용봉저수지로 이어지는 비엔날레 명품산책길 조성사업이 추진됨에 따라 문화와 휴식, 자연과 함께 하는 도심 속 걷고 싶은 산책공간으로 거듭나고 있다.","<a href=""https://tour.gwangju.go.kr/home/tour/info/village/002.cs?act=view&infoId=1048"" target=""_blank"" title=""새창 : 홈페이지로 이동"">https://tour.gwangju.go.kr</a>"
맥산댁,1871270,숙박,숙박시설,한옥,,경상북도,128.2287144477,35.6672890017,"맥산댁은 인심 많은 노부부가 운영하는 한옥 민박이다. 집 가까이에 계곡이 있어서 여름에 물놀이하기에 좋고, 주인장이 내어 주는 과일을 먹으며 넓은 한옥 방에 누워 휴식을 취하기에도 좋은 곳이다. 마을을 거닐다가 보면 시선을 사로잡는 커다란 대문이 보인다.

대문 옆으로 이어진 돌담과 기와지붕 위로 펼쳐지는 산자락이 아름답게 어우러지는 집, 바로 맥산댁이다. 안으로 들어가면, 양쪽에 파란 지붕의 창고가 있고 정면에는 밝은 나무색 한옥이 있다. 한옥은 2008년에 지은 건물로, 가장 왼쪽 방에 손님을 받는다.다른 집보다 높은 천장을 자랑하는 객실은, 지은 지 얼마 안 된 곳이라 그런지 여전히 나무 향이 은은하게 풍긴다. 손님들이 편하게 묵고 갈 수 있도록 싱크대와 화장실도 현대식으로 마련해 두었다.

맥산댁은 깔끔한 객실도 장점이지만, 그보다 더 인기 있는 것은 아침 식사다. 주인 할머니가 직접 만든 옛날식 반찬으로 식사를 차려주는데, 그 맛이 그리워 다시 찾는 손님도 있다고 한다. 그뿐만 아니라 물놀이를 할 수 있는 계곡도 가까이에 있다고 하니, 친구 혹은 가족과 함께 피서를 오기에도 안성맞춤인 곳이다.

맥산댁이 있는 개실마을은 조선 전기의 문신•학자인 김종직(金宗直) 선생의 후손들이 모여 만든 선산 김씨(善山金氏) 집성촌이다. 마을 내에는 민속자료 62호로 무오사화(戊午士禍) 때 화를 입은 김종직 선생의 종택과 문화재 자료 제111호인 도연재 등이 있다. 인근 대가야박물관에 마련한 김종직 선생 기념실에는 유형문화재 제209호인 점필재 문적유품이 전시되어 있다.

꽃이 피는 아름다운 골짜기라 하여 개화실(開花室)이라고도 불렸던 이곳은 뒤로는 꽃이 만발하는 화개산과 350년 된 대나무숲이 있고, 나비가 내려앉은 형상이라는 접무봉이 마을을 포근히 감싸고 있다. 마을의 80% 이상이 전통 한옥을 유지하고 있는데, 한옥의 기와선이 마을의 따뜻한 정취와 잘 어우러진다. 이 마을은 2001년 아름다운마을가꾸기사업과 2005년 농촌체험마을조성사업을 통해 지금의 모습을 갖추기 시작했다. 마을에 원래 있던 낡은 집들을 보수하거나 새로 지었고, 흙 돌담, 산책로 조성, 세심한 조경으로 정취를 더했다.

그뿐만 아니라 주민과 방문객이 마을을 편리하게 즐길 수 있도록 마을쉼터, 체험관, 인터넷 카페 등을 마련했다. 개실마을은 주민 모두가 함께 노력해 마을에 활기를 더한 대표적인 예로 그 성과를 인정받아 2011년에는 대한민국농어촌마을대상에서 대통령 표창을 받은 바 있다.

2003년 농협 팜스테이마을로 지정된 개실마을에서는 자연과 전통을 활용한 다양한 체험 프로그램을 운영하고 있다. 고구마 캐기, 모내기 등을 할 수 있는 '농사 체험', 예절교육과 전통차 시음을 진행하는 '전통교육 체험', 연이나 짚공예 등을 해볼 수 있는 '만들기 체험', 엿이나 유과 등을 만드는 '전통음식 체험', 그네뛰기, 널뛰기 등 마을 입구의 마당에서 즐기는 '전통놀이 체험', 미꾸라지 잡기나 얼음 썰매를 탈 수 있는 '자연 체험'이 바로 그것이다. 이처럼 계절마다 바뀌는 자연의 아름다움과 다양한 전통을 활용하여 풍부한 체험거리를 갖춘 개실마을은 대표적인 팜스테이마을로 자리를 잡으며 매년 5~6만 명의 관광객이 찾는 명소가 되었다. 전통 한옥 체험과 다양한 즐길 거리를 갖춘 개실마을에서 옛 시골 마을에서 느꼈던 정서를 되살려보기를 추천한다.","<a href=""http://www.gaesil.net"" target=""_blank"" title=""새창 : 개실마을영농조합법인(맥산댁) 홈페이지로 이동"">http://www.gaesil.net</a>"
맥스타일 (maxtyle),1113581,쇼핑,쇼핑,전문매장/상가,http://tong.visitkorea.or.kr/cms/resource/93/1984393_image2_1.jpg,서울특별시,127.0105235943,37.5688045577,"맥스타일(maxtyle)은 과거 흥인·덕운 시장을 리모델링한 지하 7층, 지상 8층 규모의 전문 패션몰이다. maxtyle은 ‘maximum style’의 줄임말로써 고객에게 최대의 패션 만족과 가치를 제공하고 패션과 문화를 창조하며 선도하는 감성 문화의 리더가 되는 복합적 문화공간을 의미한다. 청계천과 동대문디자인플라자&파크(DDP), 동대문 도매·소매시장이 교차하는 패션의 메카 동대문에 위치하고 있으며, 총 10개 층의 판매시설은 의류 및 패션잡화, 생활용품 등 각 층마다 각기 다른 콘셉트를 가진 10개의 쇼핑몰로 구성되어 있다. 주변에는 서울시의 랜드마크인 동대문디자인플라자&파크(DDP)와 청계천 등 휴식, 역사, 문화, 쇼핑공간이 한데 어우러져 있다.",
맥심플랜트,2733960,음식,음식점,카페/전통찻집,http://tong.visitkorea.or.kr/cms/resource/40/2788840_image2_1.jpg,서울특별시,127.0009892506,37.537069185,"동서식품에서 운영하는 숲속 커피 공장 컨셉의 복합문화공간으로, 지하 2층에서 지상 3층까지 총 5개 층이 커피 관련 문화공간으로 꾸며져 있다. 신선한 원두를 생산부터 전문적인 커피 교육이 이루어지고 있으며, 커피에 대한 전문적인 지식과 다양한 추출기구들을 직접 체험할 수 있도록 설계되어 있어 다양한 방식으로 커피를 즐길 수 있다.","<a href=""https://www.maximplant.co.kr/"" target=""_blank"" title=""새창 : 맥심플랜트 사이트로 이동"">https://www.maximplant.co.kr/</a>"
맥아더 사령관 한강방어선 시찰지,2373320,인문(문화/예술/역사),역사관광지,유적지/사적지,http://tong.visitkorea.or.kr/cms/resource/17/2373217_image2_1.jpg,서울특별시,126.9122201617,37.5157506279,"맥아더 사령관 한강방어선 시찰지는 1950년 6월 29일, 도쿄에서 날아와 수원비행장에서 이승만 대통령과 채병덕 육군참모총장이 참석한 가운데 전쟁상황 브리핑을 위해 영등포공원 일대를 직접 시찰한 장소이다. 맥아더 사령관은 시흥지구전투사령부 김종갑 작전처장과 함께 한강전선이 보이는 신길동 근처에서 전선의 상황을 직접 관측했다. 이때 맥아더 사령관은 한강 남쪽을 지키고 있는 한 병사에게 ""너는 이곳을 얼마 동안 지킬 수 있다고 생각하는가?""라고 물어보자, 병사는 ""상관이 철수명령을 내릴 때까지 지키겠다.""고 답했고, 이 의지적인 대답에 감동받았다.
맥아더장군의 현지 전선 방문은 한국군의 사기를 크게 고무시켰고, 인천상륙작전의 중요한 아이디어를 얻는 데도 도움이 되었다. 그는 1951년 4월 해임되기 전까지 한국전선을 10회 이상 방문했다. 시찰지는 영등포공원 앞 도로로 추정되며, 영등포공원 내 분수대 인근에 현충시설 안내판이 설치되어 있다. 위치는 수도권 지하철 1호선 영등로역 1번 출구에서 450m 떨어져 있다.","<a href=""http://mfis.mpva.go.kr/memorial/movementView.do?gubunCode=ALL&sid=581&pageIndex=1&searFacilgubun=&searTopicsort=&searAddr_sigun=&searMpvabranch=&searVR=&searInfo=&searGbn=tit&searTxt=%EB%A7%A5%EC%95%84%EB%8D%94"" target=""_blank"" title=""새창 : 홈페이지로 이동"">http://mfis.mpva.go.kr</a>"
맥우 직영 식당,2860663,음식,음식점,한식,http://tong.visitkorea.or.kr/cms/resource/53/2860653_image2_1.jpg,충청북도,127.5497489602,36.3059930824,"맥우 직영 식당은 충청북도 옥천군 군서면 월전리에 있다. 외관과 인테리어는 깔끔한 분위기다. 내부에는 단체석이 마련되어 있어 각종 모임을 가지기 좋다. 대표 메뉴는 보리를 먹여서 사육한 한우를 손질한 각종 구이용 한우다. 바로 옆 맥우 직영 판매장에서 맘에 드는 소고기를 구입해 식당으로 가져오면 상차림 비용을 내고 구워 먹을 수 있다. 각종 구이용 한우 외에도 한우전골, 육회비빔밥, 한우갈비탕, 설렁탕, 물냉면, 비빔냉면 등을 판매한다. 옥천IC에서 가깝고, 인근에 정지용문학관, 농심테마공원, 장령산자연휴양림이 있다.",
맥전포항,2784324,자연,자연관광지,항구/포구,http://tong.visitkorea.or.kr/cms/resource/23/2799023_image2_1.jpg,경상남도,128.1645210585,34.899815903,"맥전포항 은 경상남도 고성군 하일면 춘암리에 있는 어항이다. 1975년 4월 1일 국가어항으로 지정되었다. 이곳은 원래 멸치가 많이 잡히는 항구로, 멸치잡이철이 되면 멸치 잡는 광경이나 멸치를 건조시키는 모습을 쉽게 볼 수 있다. 맥전포항은 남동쪽에 실리도가 있어 남동풍이 불어오는 경우 풍파로부터 안전한 지리적 여건을 갖추고 있으며, 어선이 이용하기에 용이한 입지적 조건을 갖추고 있다. 항구 곳곳에는 건강단련기구도 있으며, 정자와 아이들 놀이터 등이 조성되어 있다.",
맥주학교 농담,3417639,인문(문화/예술/역사),산업관광지,식음료,,강원특별자치도,127.5721669163,37.6659285002,"맥주학교 농담은 강원도 홍천에 위치한 맥주 양조 교육을 받을 수 있는 수제맥주 교육장이자, 수제맥주 제조 체험을 할 수 있는 체험장이다.
이 곳은 맥주학교와 브루어리가 함께 운영되고 있는 공간으로, 맥주에 대한 기본 이론뿐만 아니라 홉에 따라 각각 다른 맛을 내는 맥주의 매력을 느낄 수 있는 곳이다.","<a href=""https://blog.naver.com/nongddam"" target=""_blank"" title=""새창 : 맥주학교 농담 홈페이지로 이동"">https://blog.naver.com/nongddam</a>"
맥파이 브루어리,2469467,인문(문화/예술/역사),산업관광지,식음료,http://tong.visitkorea.or.kr/cms/resource/88/3396588_image2_1.jpg,제주특별자치도,126.6172288105,33.5031897997,"경리단길 골목서 동네 친구 4명이 맥주를 마시다 시작하게 된 사업이 바로 맥파이 브루잉 컴퍼니이다. 피맥집으로도 유명한 맥파이는 물 좋고 공기 좋은 제주도에 양조장을 두고 있다. 맥파이 제주 양조장투어는 예약 없이도 가능하나, 인원이 많다면 사전 예약을 추천한다. 예약은 이메일과 전화로 접수할 수 있다. 또한 시간대별로 총 4번 주말에만 투어가 가능하니 참고하자. 이곳에서는 맥주가 만들어지는 모든 과정을 처음부터 끝까지 직접 확인할 수 있으며, 투어를 위해 따로 마련된 전시장이 아니기 때문에 양조설비 사이를 직접 돌아보며 설명을 듣고 질문을 할 수 있다. 1인당 지급하는 참가비에는 투어를 포함해 맥주 한 잔 가격이 포함되어 있다. 현장결제만 가능하며, 만 8세 미만의 아동은 입장이 불가하다. 이밖에도 수제 맥주에 관한 다양한 교육 프로그램을 진행하고 있다. 맥주뿐만 아니라 맥주에 담긴 문화를 함께 나눌 수 있는 프로그램도 제공하고 있어 맥주를 좋아하는 사람들에게 인기 있는 양조장이다. 탑동에 맥파이 펍이 있으니 서귀포까지 가는 길이 멀다면 가까운 시내에서 간단하게 맥파이 맥주를 한 잔 즐겨보자.

(출처 :제주 문화관광 홈페이지)","<a title=""새창: 맥파이 브루어리 홈페이지로 이동"" href=""http://www.magpiebrewing.com/"" target=""_blank"">www.magpiebrewing.com</a>"
맥파이앤타이거 성수티룸,2938669,음식,음식점,카페/전통찻집,,서울특별시,127.0566034424,37.5436999698,"성수티룸은 가장 일상적인 차를 제안한다. 책을 읽으면서, 대화를 하면서, 혹은 노트북을 펼쳐두고 작업을 하는 순간에도 차를 곁들이는 모습을 상상하며 준비한 공간이다.","<a href=""https://www.instagram.com/magpie.and.tiger/"" target=""_blank"" title=""새창 : 성수티룸 인스타그램 페이지로 이동"">https://www.instagram.com/magpie.and.tiger/</a>"
맥파이앤타이거 신사티룸,2931974,음식,음식점,카페/전통찻집,,서울특별시,127.0246458957,37.5206104104,"맥파이앤타이거 신시타룸은 동아시아의 좋은 차와, 차를 소개하는 브랜드이다. 맥파이앤타이거와 균형잡힌 삶을 추구하는 스킨케어 브랜드 디어클레어스의 플래그십 스토어인 Klairs Seoul이 만나 중국 운남, 한국 하동의 차를 소개하는 신사동 신사티룸이 탄생했다. 차와 함께 즐기는 베리에이션 음료와 계절의 플레이트는 준비되는 과정부터 가만히 음미하며 즐기는 시간, 마치는 시간까지 조화롭다. 차의 맛과 향 뿐만 아니라 다기의 질감, 그리고 차를 마시는 내가 어우러져 차의 시간이 되는 것이다. 조용한 음악소리에 조금은 어두운 공간. 보글보글 물이 끓는 주전자와 따뜻한 온기가 전해지는 차 한잔. 신사티룸은 일상 속 놓치기 쉬운 감각에 집중할 수 있는 공간이다.","<a href=""https://www.instagram.com/magpie.and.tiger/"" target=""_blank"" title=""새창 : 맥파이앤타이거 인스타그램 페이지로 이동"">https://www.instagram.com/magpie.and.tiger/</a>"
맨가엣집,2923824,음식,음식점,한식,http://tong.visitkorea.or.kr/cms/resource/05/2923805_image2_1.jpg,전라남도,127.675764796,34.7524460844,"맨가엣집은 전라도 사투리로 맨 끝에 있는 집이란 뜻이다. 생태터널 맨 가에 위치해서 맨가엣집이라는 이름이 붙었다. 70년대 레트로풍 느낌의 외관이 인상적인 곳으로 식당 안에 들어가면 4명씩 앉을 수 있는 입식 테이블이 10개 정도 놓여 있다. 주방 앞쪽에 8인까지 가능한 테이블이 있다. 전화 예약은 따로 받지 않고 현장에서만 예약, 대기가 가능하다. 주차장은 따로 없기 때문에 도로변 또는 주택가 근처에 대면 된다. 1등급 국내 삼겹살을 숙성 후 급랭하여 직접 썰어서 제공하는 곳으로 기본 주문 3인분부터 가능하며 차림 비는 따로 없고 셀프바에서 채소와 김치를 추가로 이용할 수 있다. 삼겹살을 먹고 나면 빠질 수 없는 볶음밥은 김과 같이 나와 더 고소하게 즐길 수 있다. 주변에 이순신공원, 웅천친수공원 등이 있어 연계 관광하기 수월하다.",
맨메이드 도산,2847018,음식,음식점,카페/전통찻집,http://tong.visitkorea.or.kr/cms/resource/09/2847009_image2_1.jpg,서울특별시,127.036558587,37.524593495,"맨메이드 도산은 패션 브랜드 ‘WOOYOUNGMI’와 ‘SOLID HOMME’의 플래그십 스토어 및 카페 맨메이드 도산으로 구성된 공간이다. 2층은 카페 맨메이드 도산, 3층은 우영미 플래그십 스토어, 4층은 솔리드옴므 플래그십 스토어로 구성되어 있다. 1층에서 2층으로 이어지는 곳에 계단식 테이블이 있다. 카페 중간 군데군데 숲 속에서 차를 마시는 느낌이 나도록 캠핑장 같은 인테리어 되어 있다.",
맨발의청춘길,2794725,인문(문화/예술/역사),체험관광지,이색거리,http://tong.visitkorea.or.kr/cms/resource/21/2794921_image2_1.jpg,울산광역시,129.3204357514,35.5536053031,"울산 중구의 문화 관광의 대표적 거리인 맨발의 청춘길은 70~80년대 울산의 근로자들과 학생들이 분주히 오가던 골목길의 향수를 간직하고자 2016년부터 중앙동 도시재생 사업의 일환으로 추진되었다. 음악존, 영화존, 패션존으로 구역을 나누었고 당시 인기 있던 영화 포스터와, 이소룡 등을 넣은 벽화를 칠해 구간별 특색을 나타냈다. 특히 음악존은 동작 감지 센서가 설치되어 사람이 지나가면 자동으로 7080 세대의 음악이 흘러나와 그 시절 추억을 떠오르게 한다. 노후된 바닥을 정비하고 경사로 인근에 쉼터와 화단을 조성했다. 걷다가 다리가 아프면 쉬어갈 수 있도록 방문객을 위한 휴게용 계단도 마련되어 있다. 밤이 되면 화려한 네온사인들이 번쩍여 낮과는 다른 풍경을 볼 수 있다. 골목길 곳곳에 오래된 식당들과 옷집, 노래방, 이색 주점들이 있는 맨발의 청춘길은 울산의 역사와 문화를 엿볼 수 있는 곳이다.",
맨삽지(학성리 공룡발자국화석),2661533,자연,관광자원,기암괴석,,충청남도,126.484498921,36.4529742791,"보령 학성리 공룡발자국 화석은 중생대 백악기 당시 충적선상지 부근에 접한 저평지의 담수 퇴적 환경에서 형성되었으며, 후에 일어난 지각변동에 의해 융기되고 계속 침식작용을 받아 이루어진 지형이다. 맨삽지(밤섬) 부근의 작은 공간 내에 공룡발자국을 비롯하여 백악기 당시에 형성된 규모가 큰 건열 구조, 점이층리, 생환 화석 등의 다양한 퇴적 구조가 발달되어 있다. 보령 학성리 공룡발자국 화석은 특정한 환경 및 시대와 관련이 있기 때문에 생존환경, 생존 시기 등 고환경을 해석하는데 귀중한 자료로 학술적 가치가 높을 뿐만 아니라 맨삽지(밤섬) 부근에서는 교과서에서 다루는 여러 지질학적 자연현상을 직접 관찰할 수 있고 측정이 가능하다는 점에서 교육적 가치가 높다. 2019년 1월 20일 문화재 지정 예고를 거쳐, 2019년 5월 30일 충청남도의 기념물로 지정되었다.","<a href=""http://www.brcn.go.kr/tour.do"" target=""_blank"" title=""새창: 보령시청 문화관광 홈페이지로 이동"">http://www.brcn.go.kr/tour.do </a>"
맨션1102,2866545,음식,음식점,카페/전통찻집,http://tong.visitkorea.or.kr/cms/resource/77/2866477_image2_1.jpg,경기도,127.110067829,37.1560402975,"맨션1102는 화성 동탄 장지천 길에 있는 브런치 카페이다. 주변에 장지 저수지가 있어 브런치와 산책을 함께 즐길 수 있다. 커다란 창 너머로 산책로를 볼 수 있어 앉아만 있어도 힐링이 되는 분위기이고 테이블 간 간격이 넓어 편하게 대화하며 이용할 수 있다. 매장 한쪽에는 손뜨개 가방, 일러스트 소품, 귀여운 핸드메이드 소품을 판매하고 있다. 매장을 방문해서 브런치를 즐기는 손님도 많지만, 포장으로 런치박스나 음료 주문을 하는 고객들도 많다. 브런치 종류가 다양하진 않지만 메뉴 하나하나가 정성스럽고 본연의 맛에 충실한 음식들이다. 매장 앞에 널찍한 주차장이 있어 이용이 편리하다.","<a href=""https://instagram.com/mansion1102""target=""_blank"" title=""새창 : 맨션1102 사이트로 이동"">https://instagram.com/mansion1102</a>"
맨온드분,2916164,쇼핑,쇼핑,사후면세점,http://tong.visitkorea.or.kr/cms/resource/80/2883880_image2_1.jpg,대구광역시,128.6292150324,35.8779835934,-,
맨인블랙 이태원,2925613,쇼핑,쇼핑,사후면세점,http://tong.visitkorea.or.kr/cms/resource/65/2888965_image2_1.jpg,서울특별시,127.0019252581,37.5377246813,-,
맨잇슈트 롯데팩토리 가산,3307535,쇼핑,쇼핑,사후면세점,http://tong.visitkorea.or.kr/cms/resource/54/3314454_image2_1.jpg,서울특별시,126.8846459143,37.4795432303,-,
맨하탄모텔,1365755,숙박,숙박시설,모텔,,전북특별자치도,127.14577078,35.3667789074,"순창 맨하탄모텔은 순창 읍내를 관통하는 경천과 양지천이 만나는 곳에 자리한 숙박업소이다. 
입실 시 기준인원은 2인이며, 기준인원 초과시 1인당 10,000원의 추가 요금이 발생한다. 객실은 침대방과 온돌방으로 구성되어 있다. 숙소 바로 옆이 경천변이라 아침, 저녁으로 여유로운 산책을 즐길 수 있으며, 일출이 아름다운 대동산 또한 근처에 있어 운동과 산책을 즐길 수 있다. 
주변 관광지로는 향가터널, 향가유원지, 강천산, 순창전통 고추장민속마을 등이 있다.",
맨하탄수상레져,3025632,레포츠,레포츠소개,수상레포츠,http://tong.visitkorea.or.kr/cms/resource/06/3017706_image2_1.JPG,경기도,127.3940181388,37.7034541994,"서울에서 가장 가깝다고 알려진 빠지, 맨하탄수상레저는 북한강 바로 옆에 위치하고 있으며 웨이크보드나 워터스키를 배우고 즐길 수 있는 곳이다. 빠지는 Barge라는 영어에서 유래되었고 바지선으로 현재는 수상 레저를 즐기는 곳을 말한다.  
대성리 역에서 도보 10분 거리에 있어서 누구나 쉽게 다녀갈 수 있고 시끄럽거나 사람이 많지 않아 탁 트인 자연 속에서 차분하게 수상 레저를 만끽할 수 있다.
바나나보트 등 7가지 놀이 기구가 준비되어 있고 라면과 각종 음료를 매점에서 사 먹을 수 있다. 샤워실, 세탁기, 탈수기 등이 구비되어 있고, 구명조끼와 수건은 무료로 대여해 준다. 규모가 크지는 않지만 수상 스포츠를 충분히 배우고 즐길 수 있는 곳이다.","<a href=""https://www.instagram.com/manhattann_bm/"" target=""_blank"" title=""새창 : 홈페이지로 이동"">https://www.instagram.com/manhattann_bm/</a>"
맨하탄호텔,3049858,숙박,숙박시설,모텔,,경상남도,127.8946990482,34.8367460007,"맨하탄 호텔은 경상남도 남해군 남해읍 번화가에 위치한 숙소로, 남해 공용터미털과 가깝고 전통시장, 편의점, 맛집(횟집, 갈비, 조개구이 등) 등도 바로 주변에 있어 편리하게 여행할 수 있다. 주차 공간이 넓어 주차가 편리하다. 객실은 온실과 침실로 구성되어 있고 공간이 넓어 쾌적하게 묵을 수 있으며, 일부 객실에는 욕조가 있어 하루의 피로를 풀기에도 좋다. 인근에 독일마을, 다랭이마을, 금산보리암, 상주해수욕장, 골프장 등이 있다.",
맴섬,3077084,자연,자연관광지,섬,,전라남도,126.5297763212,34.2984887873,"맴섬은 해남군 갈두항의 땅끝 선착장 앞에 있는 두 개의 바위섬이다. 이곳은 일출과 일몰의 명소로 알려져 있으며 갈라진 섬 사이로 떠오르는 해는 일출의 대표적인 모습이기도 하다. 선착장 앞이 좁아 사람이 많이 몰릴 때 안전사고의 위험이 생겨 이곳에서의 해넘이 해돋이 행사를 취소하기도 하였다. 맴섬 앞으로는 전망 데크가 잘 설치되어 있고 바로 옆에도 다양한 모습의 바위들이 있어 포토존으로도 알려진 곳이다.
평일에는 항구 주변이 조용하여 주변 경관과 함께 맴섬을 편안히 볼 수 있으며 바위섬 위에서 뿌리를 내린 소나무들이 무척이나 대견스러운 모습이다. 이 소나무들 때문에 맴섬이 더 알려지기도 했다. 섬 사이로 일출을 항상 볼 수 있는 것이 아니고 양력 2월 중순 무렵과 10월 20일에서 25일에만 볼 수 있다고 한다. 일 년에 두어 번밖에 볼 수 없는 일출 명소라 좀 아쉽긴 하지만 장엄하고 아름다운 일출은 전국의 사진 동호인들이 즐겨 찾는 곳 중에 최고로 꼽히는 명소이다. 이색적인 일출을 보고 싶다면 이곳 맴섬에 방문하는 것도 좋은 방법이다.",
맴섬횟집,2688216,음식,음식점,한식,http://tong.visitkorea.or.kr/cms/resource/84/2701484_image2_1.jpg,전라남도,126.5283153613,34.2975333152,다양한 해산물을 한 번에 즐길 수 있는 코스요리를 제공한다. 대표메뉴는 모둠회이다. 전라남도 해남군에 있는 한식전문점이다.,
맷돌36숯불갈비 마석점,2836681,음식,음식점,한식,http://tong.visitkorea.or.kr/cms/resource/73/2836673_image2_1.jpg,경기도,127.2948840296,37.6581271006,"경기도 남양주시 마도읍에 있는 숯불구이 전문 음식점이다. 2층 단독건물 앞에 주차장이 있다. 2층은 대기할 때, 식사 후, 차 마실 때 이용할 수 있는데, 아동용 게임기가 있다. 로봇이 서빙한다. 숯불고기를 주문하면 기본 반찬이 제공된다. 샐러드바에는 단호박, 사과샐러드, 옥수수 등 샐러드류, 김치, 물김치, 깍두기 등 김치류, 야채, 마늘, 고추 등 양념류, 토마토, 포도 등 과일류 등이 있어 자유롭게 가져다 먹을 수 있다. 다양한 음식이 뷔페처럼 놓여있다. 천마산역과 마석역 중간쯤에 있다. 가까이에 천마산, 비전힐스 CC 파3가 있다.",
맷돌두부집,2842818,음식,음식점,한식,http://tong.visitkorea.or.kr/cms/resource/07/2842807_image2_1.jpg,경기도,127.3918698559,37.066602912,"맷돌두부집은 경기도 안성시 죽산면에 있는 보양식 전문점이다. 새벽 5시부터 영업을 시작해 골프나 여행을 위해 아침 일찍 이동하는 손님들이 많이 찾는다. 새벽에는 주로 순두부나 된장찌개 같은 간단한 식사가 많고, 점심 식사를 전후해 맷돌로 갈아 만든 두부나 백숙 같은 보양식을 많이 찾는다. 대표메뉴는 능이닭백숙과 능이오리백숙이고 닭도리탕과 두부보쌈정식, 우렁제육쌈밥도 있다. 공깃밥이 아닌 돌솥 밥이 나온다. 닭이나 오리 요리는 한 시간 전 예약이 필수다. 직접 재배한 싱싱한 채소를 사용해 음식 하나하나 정성을 담아 조리한다. 식사 전후로 가볼 만한 곳은 죽주산성과 죽산성지가 있다.  
※반려동물 동반 불가","<a href=""https://mdooboo.modoo.at/""target=""_blank"" title=""새창 : 맷돌두부집 사이트로 이동"">https://mdooboo.modoo.at/</a>"
맷돌순두부,403847,음식,음식점,한식,,경상북도,129.2628878797,35.8518178431,"경주시 보문관광단지의 초입이며 북군 관광단지 내에 위치한 맷돌순두부집은 경주를 찾는 관광객들로 항상 붐빈다. 넓은 주차장이 있어 주차하기가 용이하고 홀서빙과 주문이 신속하여 손님들이 많아도 분주한 느낌이 덜하다. 양옥들 사이로 한옥의 미닫이문이 있어 식당만의 고유한 느낌을 갖게 하지만 테이블엔 무선벨이 있어 현대적인 시설도 갖춰져 있다. 맷돌순두부의 메뉴는 국산콩으로 매일 직접 만든 맷돌순두부, 순두부찌개, 통돼지 바비큐, 녹두전으로 비교적 간단하다. 갖은 양념이 담뿍 들어간 간장 양념을 풀어 하얀 순두부에 술술 저어 떠먹는 맷돌순두부와 콩비지찌개 맛도 구수하지만 메인 음식에 밀려 꽁치구이, 배추김치, 호박무침, 청포묵으로 이뤄진 밑반찬은 그다지 손길을 끌지 못한다. 맛과 영양의 보고인 콩을 주원료로 하는 순두부의 명가답게 그날 사용할 두부를 새벽부터 직접 만들어 맛있고 영양이 많은 두부요리를 탄생시키고 있다. 100% 국산콩을 기계 맷돌에 직접 갈아 고소하고 담백하며 건강에도 좋다.",
맷돌순두부,1603629,음식,음식점,한식,,전북특별자치도,126.868939791,35.7999083385,버섯순두부찌개는 옛날 방식으로 직접 맷돌에 콩을 갈아 만든 순두부에 여러 가지 버섯을 넣고 다른 순두부찌개와는 다르게 부추와 들깨를 갈아 뿌려져 나온다. 식사 시간이면 자리가 없어 기다릴 정도로 붐비는 곳이다. 남쪽 지방의 젓갈로 막 담근 겉절이와 간장으로 간을 한 채소 겉절이를 함께 먹는다.,
맷돌우리콩감자탕 본점,2839659,음식,음식점,한식,http://tong.visitkorea.or.kr/cms/resource/54/2839654_image2_1.jpg,경기도,126.7074939611,37.728799963,"맷돌우리콩감자탕은 경기도 파주 문발동에 있는 감자탕 전문점이다. 생방송 투데이, 맛있는 녀석들, 생생정보 등 다수의 TV프로그램에 감자탕 맛집으로 소개되면서 찾는 사람들이 많아졌다. 대표 메뉴는 콩비지감자탕과 뼈해장국이 있고 어린이를 위한 다람쥐 돈까스도 있다. 
경상북도 청송에서 부모님이 직접 생산하는 콩을 사용하고 의성에서 생산되는 육쪽마늘과 충청남도 홍성군 광천 토굴에서 숙성된 새우젓을 사용한다. 비지를 넣어 국물 맛이 고소하고 고기는 질기지 않고 연하다. 남은 국물에 밥을 볶아 먹어도 별미다. 함께 나오는 무김치와 배추김치하고도 궁합이 잘 맞는다.",
맷돌포선착장,2746222,자연,자연관광지,항구/포구,,충청남도,126.8150985252,36.910088482,"맷돌포선착장은 고깃배가 정박하는 아담한 포구다. 물이 들어오면 뱃머리가 오른쪽으로 돌고, 반대로 물이 빠지면 뱃머리가 왼쪽으로 도는 것이 마치 맷돌 같다 하여 맷돌포라 불린다. 이곳은 낚시를 즐기려는 사람들이 많이 찾는다. 선착장 한편에 간이 의자를 펴고 앉아 맷돌포 앞바다를 감상하며 낚시하는 사람들을 볼 수 있다.  싱싱한 해산물을 맛보려고 주변 음식점을 찾는 이도 많다. 선착장에서 멀지 않은 곳에 삽교호 함상공원, 당진해양캠핑공원 등이 있어 연계 관광하기 좋다.",
맷카페,2847035,음식,음식점,카페/전통찻집,http://tong.visitkorea.or.kr/cms/resource/27/2847027_image2_1.jpg,서울특별시,127.0406362953,37.5139420279,"맷카페(MATT CAFE)는 7호선, 수인분당선 강남구청역 2번 출구 토지주택공사 서울지역본부 옆에 있다. 주차는 발레파킹 서비스를 받을 수 있다. 교통편이 좋아 대중교통을 이용해도 좋다. 매장은 회색 건물로 입구는 건물 정면에 있다. 이곳은 세계 최고의 에스프레소 머신으로 불리는 라마르조꼬르를 사용하여 커피 내리는 것으로 유명하다. 내부는 외관과 같이 심플하고 모던한 스타일이고, 계절에 따라 야외 테라스도 운영한다. 이곳의 메뉴는 아메리카노, 에스프레소, 카페라떼, Matt 시그니처 라떼, 카페모카 등이 있고, 커피와 같이 주문할 수 있는 케이크 및 베이커리도 있다. 인근에 서울선릉과정릉(세계문화유산), 잠실종합운동장, 유명 테마파크 놀이공원, 잠실한강공원이 있어 연계 관광을 할 수 있다.","<a href=""https://www.instagram.com/mattcafeofficial/""target=""_blank"" title=""새창 : 맷카페 사이트로 이동"">https://www.instagram.com/mattcafeofficial/</a>"
맹개마을,3060304,인문(문화/예술/역사),체험관광지,농.산.어촌 체험,,경상북도,128.8801284946,36.7661594767,"맹개마을은 기암절벽으로 이뤄진 청량산과 굽이쳐 흐르는 안동 낙동강 물줄기로 둘러싸여 있다.
차는 물론 사람이 마을을 들어가기 위해 건널 수 있는 교각이나 돌다리가 없어 배나 트랙터를 타고 강을 건너야 하는 오지마을로 2007년 ‘농업법인 밀과 노닐다’가 운영하는 3만 여평의 체험휴양마을이다. 숙박 및 당일 체험 프로그램을 예약해야만 마을에 들어갈 수가 있다. 
마을에는 숙박을 위한 '소목화당'과 체험을 할 수 있는 ‘공방-밀그리다’, 이곳에서 생산되는 밀을 이용하여 만든 술을 숙성시키는 '토굴-술그리다'가 있고 6월이면 황금 밀밭을, 9월에는 하얀 메밀꽃이 핀 너른 들판을 볼수 있으며 이 시기에는 음악회도 열린다. 
당일로 맹개마을의 정취를 즐길수 있는 ‘맹개마을팜피크닉-Day Trip’은 진맥소주양조장투어, 맹개마을나들이체험이 있으며 낙동강트랙터 타기, 다과세트, 유기농천연발효빵, 밀쿠키만들기, 진맥소주만들기 등으로 구성되어 있으니 미리 선택〮예약해야 한다. 
들어가는 길에 퇴계이황이 쉬던 고산정과 농암 이현보 선생의고택 ‘농암종택’이 있다.","<a href=""https://booking.naver.com/booking/3/bizes/162763"" target=""_blank"" title=""새창 : 홈페이지로 이동"">https://booking.naver.com</a>"
맹골도,580035,자연,자연관광지,섬,,전라남도,125.8537126487,34.2164538122,"맹골도는 1800년 초 완주 이씨 이동신의 선조가 입도하였고 같은 시기에 제주 최씨 최형배의 선조가 입도하여 정착하였다고 한다. 맹골도는 우리나라 제일의 바람따지(바람을 받는 곳)인 서남해의 모서리에 있고, 또 서해와 남해의 물살이 직각으로 교류하며 소용돌이치는 험한 바다 한가운데에 있다. 그리고 봄철에는 안개가 많이 끼어서 여객선 결항률이 높다. 
맹골도라는 이름은 맹골도, 죽도, 곽도 등 섬과 간댓여, 아랫여, 웃여 등 많은 이름이 있다. 여는 바위섬로 이루어졌다 하여 붙여진 이름이라 한다. 동국여지승람에는 맹옹골도로 표기되어 있다. 1400년에 이곳에서 사람이 살았을 것이라고 전하는데 그 후 1789년 조선시대 인구조사 때 맹골도로 표기하였다.
맹골군도는 진도의 서남쪽 모서리 가장 끝에 있는 섬으로 맹골도와 부속 섬 곽도와 죽도로 맹골 3도로 이루어져 있다. 그래서 이 맹골군도는 진도 섬들의 방풍, 방파제 역할을 한다. 이곳은 드라마 패션 70's의 배경지이다.","<a href=""https://island.haewoon.co.kr/"" target=""_blank"" title=""새창 : 가보고 싶은 섬 사이트로 이동"">http://island.haewoon.co.kr</a>"
맹그로브 동대문,3379704,숙박,숙박시설,관광호텔,http://tong.visitkorea.or.kr/cms/resource/25/3379725_image2_1.jpg,서울특별시,127.008737777,37.5641772856,"맹그로브 스테이는 코리빙 하우스 맹그로브가 제안하는 어반 Co-Stay이다. 머무는 동안 맹그로브 멤버가 되어 새로운 도시와 일상을 마음껏 탐엄해 보시길 바란다. 사는 것처럼 풍요롭게 머물며, 깊이 있는 몰입을 경험하고, 생동감 넘치는 커뮤니티 속에서 코리빙 라이프의 영감 넘치는 순간들을 발견할 수도 있다.","<a href=""https://mangrove.city/locations/dongdaemun/"" target=""_blank"" title=""새창 : 맹그로브 동대문 홈페이지로 이동"">https://mangrove.city/locations/dongdaemun/</a>"
맹그로브 신설,3379735,숙박,숙박시설,관광호텔,http://tong.visitkorea.or.kr/cms/resource/36/3379736_image2_1.jpg,서울특별시,127.0260886324,37.5762289745,"맹그로브 스테이는 코리빙 하우스 맹그로브가 제안하는 어반 Co-Stay이다. 머무는 동안 맹그로브 멤버가 되어 새로운 도시와 일상을 마음껏 탐엄해 보시길 바란다. 사는 것처럼 풍요롭게 머물며, 깊이 있는 몰입을 경험하고, 생동감 넘치는 커뮤니티 속에서 코리빙 라이프의 영감 넘치는 순간들을 발견할 수도 있다.","<a href=""https://mangrove.city/locations/sinseol/"" target=""_blank"" title=""새창 :맹그로브 신설 홈페이지로 이동"">https://mangrove.city/locations/sinseol/</a>"
맹글(레몬트리협동조합),2717288,인문(문화/예술/역사),체험관광지,이색체험,,강원특별자치도,128.7127451855,37.3609713422,"레몬트리 협동조합은 정선 엄마들이 숨은 재능을 찾아 공예품 제작을 도우며 살림에 지친 주부들 간 교류를 돕는 동시에 일터를 제공한다. 회원 대다수는 육아로 인해 경력이 단절된 30~40대 여성들로, 함께 지역 평생교육시설에서 수업을 듣고 각자의 재능을 공유하며 그 기술을 기반으로 정선지역 캐릭터 기념품 제작 등 다양한 공예품을 제작하고 있다. 지역 내 각종 행사와 축제장에서 공예 체험을 진행하거나 정선지역 민간 최초로 플리마켓을 개최하기도 했다. 함께 익힌 공예기술로 공방을 창업하고 제품을 판매하거나 다양한 지역행사 등에 강사로 참여하여 수익을 올리는 등 정선지역 주부들의 새로운 경제 활동 창구가 되고 있다.

* 상품명 : 라탄바구니 / 라탄 스텐드 조명 (15,000원 / 60,000원)
라탄을 활용하여 다용도 바구니 만들기(바닥 자작나무 판)
라탄을 활용하여 스텐드 조명 만들기(높이 22cm)

* 상품명 : 퀼트파우치 / 프랑스자수 (15,000 ~ 50,000원)
기본 원단에 프랑스자수를배워 수를 놓고 다용도 파우치로 재단하여 퀼트로 마무리한다.
퀼트파우치 별도 , 프랑스자수 별도 가능 

* 상품명 : 목공예(우드버닝) (30,000~150,000원)
생활에 필요한 쟁반, 티코스터, 책꽂이, 야채박스, 좌탁 등 목공예를 직접 하고 
우드버닝으로 세상에 하나뿐인 나만의 보물 만들기","<a href=""http://www.lemon-tree.kr"" target=""_blank"" title=""새창 : 맹글(레몬트리협동조합) 홈페이지로 이동"">www.lemon-tree.kr</a>"
맹동저수지,131043,레포츠,수상 레포츠,민물낚시,http://tong.visitkorea.or.kr/cms/resource/96/3064396_image2_1.JPG,충청북도,127.5714974013,36.894289904,"맹동저수지는 차령산맥 협곡을 막은 저수지로 음성군 맹동면 통동리와 군자리 일대에 조성된 농업용수 공급 저수지이다. 통동리 저수지와 삼룡저수지를 합쳐 맹동저수지라고 부르는데, 통동리 저수지는 맹동 1댐이고, 음성군 원남면 삼용리에 위치한 삼룡저수지는 맹동 2댐이라 부르고 있다. 맹동 1댐은 음성군 맹동면 통동리와 군자리 일대에 건설된 댐으로 하류 개발과 속리산을 관통시켜 맹동면 서부 지역의 관개용수원을 확보하는 데 목적을 두고 있다.
남단의 알봉과 알랑산의 협곡에 통동리 저수지가 건설되었고, 방류되는 물은 삼룡저수지로 유입되고 있다. 주변의 자연경관이 무척 아름답고 저수지가 넓어 탁 트인 전망을 볼 수 있는 곳이다.","<a href=""https://www.eumseong.go.kr/www/index.do"" target=""_blank"" title=""새창: 음성군청 홈페이지로 이동"">https://www.eumseong.go.kr</a><br><a href=""https://blog.naver.com/eumseonggun/222666474711""target=""_blank"" title=""새창 : 공식로 이동"">https://blog.naver.com/eumseonggun</a>"
맹방 벚꽃길,127381,자연,자연관광지,자연생태관광지,,강원특별자치도,129.2069746424,37.4026816736,"맹방 벚꽃길은 맹방해수욕장 입구를 지나 교가리 삼척전자공업고등학교에 이르는 약 4km 구간을 이른다. 해마다 4월이면 하얀 벚꽃이 흐드러지게 피어나는데 수령이 20년 정도를 조금 지난 청년기 나무들로 일직선으로 쭉 뻗은 모습이며 환상의 벚꽃터널을 만들어 준다. 이곳의 벚꽃은 대략 매년 4월 15일을 전후로 해서 활짝 피지만 바닷가와 근접해 있어 심하게 폭풍우가 한바탕 지나가면 단 한 번의 꽃비를 뿌리며 꽃잎이 떨어져 만발한 꽃송이를 감상할 수 있는 기간이 짧다. 
벚꽃길에서 바닷가로 조금만 나가면 수심이 얕고 모래가 고와 명사십리라는 별칭이 붙은 맹방해수욕장이 나온다. 삼척시에서는 벚꽃길과 맹방해변, 사랑의 설화가 담긴 해신당, 동양 최대의 석회동굴인 환선굴 내부를 [사랑의 맹세 구역], 정라진 해안도로 등을 묶어 [연인들의 테마기행 코스]로 소개하고 있다.","<a href=""http://www.samcheok.go.kr/tour.web"" target=""_blank"" title=""새창 : 삼척 문화관광 홈페이지로 이동"">http://www.samcheok.go.kr/tour.web</a>"
맹방비치캠핑장,2727187,레포츠,육상 레포츠,"야영장,오토캠핑장",http://tong.visitkorea.or.kr/cms/resource/16/2727316_image2_1.JPG,강원특별자치도,129.2345781955,37.3875533985,"맹방비치캠핑장은 강원도  지역 동해 해변에서 가장 긴 백사장을 보유하고 있는 맹방해수욕장 바로 옆 해송숲에 조성된 국민여가 캠핑장이다. 해송을 훼손하지 않고 친환경 건축공법을 이용해 자연 그대로를 보존하면서도 캠핑에 최적화된 환경을 제공하는 곳으로 공공 캠핑장의 모범사례로 알려져 있다. 맹방비치캠핑장은 스마트 캠핑 시스템을 도입하여 출입관리에서부터 화장실 등 편의시설 이용까지 온라인 시스템을 통해 간편하게 이용할 수 있도록 설계되었다.
이곳에서는 주차장 및 화장실을 이용하는 전용키를 발급받아야 한다. 캠핑장에서 해변 쪽 이면도로를 건너면 바로 해수욕장이고 오른편으로는 마읍천이 흘러 민물과 바다를 함께 즐길 수 있다.","<a href=""http://www.samcheokcamp.com/"" target=""_blank"" title=""새창 :맹방비치캠핑장 사이트로 이동"">http://www.samcheokcamp.com/</a>"
맹방해변,127872,자연,자연관광지,해수욕장,,강원특별자치도,129.2320061341,37.3898030893,"삼척 시내에서 7km가량의 거리에 있는 시범해수욕장이며 맹방 관광지 내에 속한 지역으로서 기반 도로 시설이 잘 정비되고 관광지 조성 공사가 진행 중인 곳으로 이미 청정 해변의 이미지가 전국에 잘 알려져 있다. 개장 기간에는 명사십리 달리기대회를 비롯하여 맨손 송어 잡기 등 다양한 해변 이벤트가 개최되어 피서객의 호응도를 높이는 한편, 인접 지역의 골프연습장이 스포츠 산실 역할을 하고 있다.","삼천 문화관광 <a href=""http://www.samcheok.go.kr/tour.web"" target=""_blank"" title=""새창: 삼척 문화관광 홈페이지로 이동"">http://www.samcheok.go.kr/tour.web</a>"
맹산반딧불이자연학교,231934,인문(문화/예술/역사),체험관광지,이색체험,,경기도,127.1449825952,37.4075618038,"맹산반딧불이자연학교는 부모와 자녀가 함께 하는 자연체험을 통해 생태적 감수성을 일깨우고 지역 환경의 소중함과 건전한 가족공동체 형성을 기반으로 생활, 문화공동체를 통한 바람직한 사회를 모색하고 지역 공동체를 확립하는 데 목표를 두고 있다. 수심이 얕은 연못에서 다양한 물속 생물들을 관찰할 수 있는 습지, 건강한 생태계 회복을 위해 조성된 반딧불이 보전 복원지역, 자연소재를 이용한 다양한 환경교육을 통해 자연에 대한 지식을 얻을 수 있는 학습장, 등산로 등으로 구성되어 있다. 
1994년 초기에는 일회성으로 자연학교를 운영하였고 이후 환경운동의 새로운 대안으로써 그 중요성을 인식하면서 지속적인 프로그램을 개발, 운영하면서 1998년 맹산반딧불이자연학교를 개설하였다. 가족단위 계절별 프로그램이 준비되어 있다. 야생화 만나기, 자연과 대화하기, 봄꽃 만나기, 벼 관찰, 낙엽으로 그림 그리기, 논 썰매 타기, 새 모이주기 등 사계절 내내 자연을 느끼고 즐길 수 있는 프로그램으로 가득하다. 
이 밖에도 인접한 영장산과 더불어 반딧불이의 주요 서식처이기 때문에, 7월과 8월에 일대에서 [반딧불이 축제]가 개최되고 있다.","<a href=""http://www.bandi.or.kr"" target=""_blank"" title=""분당환경시민의모임 사이트로 이동"">http://www.bandi.or.kr</a>"
맹산환경생태학습원,2500244,자연,자연관광지,자연생태관광지,http://tong.visitkorea.or.kr/cms/resource/09/3055209_image2_1.jpg,경기도,127.1420273727,37.4052842366,"맹산환경생태학습원은 반딧불이가 살아갈 수 있도록 인공적으로 만들어진 습지와 생태계가 잘 보존된 숲으로 어린이, 청소년, 어른들이 함께 어우러져 자연을 느끼고 배우는 곳이다. 함께하는 가치관을 발전시키고, 나아가 도시의 삶 속에서 즐길 수 있는 환경을 제공하고, 창의성과 자유성을 기르는 창작활동과 자연을 체험하고 이해를 배우고 공동체 체험을 통하여 협동과 배려하는 마음을 익힐 수 있는 생태체험관이다. 
교육 프로그램은 정규와 특별 프로그램으로 구성되어 있다. 정규의 경우 생태 감수성 증진을 위한 에코 키즈와 환경 실천형 프로그램인 열두달 환경교실 등으로 이루어져 있다. 특별 프로그램은 정월 대보름 기념 민속놀이를 즐길 수 있는 대보름 한마당, 에너지의 날을 기념하기 위해 불 끄고 별 보는 야간 프로그램인 불 끄기 별켜기, 물의 날을 기념하며 물의 순환과 물 절약 체험활동을 할 수 있는 물방울의 여행 등으로 이루어져 있다. 이뿐만 아니라 교구 꾸러미를 받아 집에서 하는 목공체험, 스스로 생태체험을 할 수 있는 비대면 교육 프로그램도 준비되어 있다.","▪ <a href=""http://mpark.seongnam.go.kr/"" target=""_blank"" title=""새창 : 홈페이지로 이동"">http://mpark.seongnam.go.kr</a>"
맹순이꽃게아구찜,2849242,음식,음식점,한식,http://tong.visitkorea.or.kr/cms/resource/38/2849238_image2_1.jpg,서울특별시,126.8377729769,37.5581638139,"맹순이꽃게아귀찜은 지하철 5호선 발산역 7번 출구 부근에 있다. TV 맛집 프로그램 ‘생방송 투데이’에 해물찜 맛집으로 소개되었다. 매장 안으로 들어서면 넓은 홀과 많은 테이블이 눈에 들어온다. 테이블 사이사이가 여유가 있어 각종 단체 행사나 가족 모임 행사에도 적합하다. 대표 메뉴로는 아귀찜, 해물찜, 해물탕, 꽃게찜, 꽃게탕이 있다. 이외 메뉴로 대하찜, 코다리찜, 코다리정식, 간장 새우장이 인기가 많다. 식당은 농림축산식품부 제공 안심식당으로 인증받았다.",
머구리횟집,2674182,음식,음식점,한식,http://tong.visitkorea.or.kr/cms/resource/04/2672904_image2_1.jpg,강원특별자치도,128.9448033716,37.7739864882,레스토랑에서 직접 생선을 구매해서 유통단계를 거치지 않은 합리적인 가격의 자연산 생선회를 맛볼 수 있는 곳이다. 대표메뉴는 모둠회다. 강원도 강릉시에 있는 해물 전문점이다.,
머구리횟집,2913320,음식,음식점,한식,http://tong.visitkorea.or.kr/cms/resource/76/2919776_image2_1.jpg,강원특별자치도,128.6083241097,38.1746028947,머구리횟집 대포항에 위치한 횟집으로 소문난 활어회 전문점.반려견 동반 가능한 횟집입니다.당일날 잡아올린 해산물로 신선한 제철회와 대게를 합리적인 가격으로 맛볼 수 있는 현지인 맛집입니다.,
머그정,2923611,음식,음식점,한식,http://tong.visitkorea.or.kr/cms/resource/80/2923580_image2_1.jpg,경상남도,128.6392607931,34.7736412607,"거제 8경 중 하나인 학동 흑진주몽돌해수욕장에 근처에 있는 머그 정은 전통 한식을 현대적으로 재해석한 모던 한식 레스토랑이다. 매장은 넓고 깨끗하며, 음식은 맛은 기본이고 플레이팅이 훌륭해 저절로 음식 사진을 찍게 된다. 조용한 공간에서 편안하게 휴식하며 자신의 감성을 되살아나게 하는 장소 머그타운하우스는 한식당은 물론 카페, 펜션까지 함께 운영 중이다. 좋은 공간에서 특별한 사람과 맛있는 시간을 함께하면 더 나은 삶을 사는 힘이 된다고 믿는 머그 정은 몽돌해변과 인접해 있어 함께 둘러보기 좋다.","<a href=""https://www.mughakdong.com/""target=""_blank"" title=""새창 : 머그 정 사이트로 이동"">https://www.mughakdong.com/</a>"
머그학동 카페,2910284,음식,음식점,카페/전통찻집,http://tong.visitkorea.or.kr/cms/resource/76/2910276_image2_1.jpg,경상남도,128.6390247142,34.7732135265,"거제 몽돌 해수욕장 근처에 있는 머그학동 카페는 미니멀한 백색 건축과 잔디 테라스가 있는 분위기 좋은 브런치 카페이다. 머그학동 카페 뒤편에는 펜션, 옆으로는 한식 레스토랑을 함께 운영 중이다. 넓은 내부는 독특한 구조로 이루어져 있으며 층고가 높아 개방감이 좋다. 유명 건축가가 만든 머그학동 카페는 감각적인 가구들과 천장 사이사이 멋진 하늘 풍경을 볼 수 있는 곳이다. 커피는 물론 수제 차 등 음료 종류가 다양하며 아이들이 마실 수 있는 과일주스도 판매하고 있다. 오후 5시까지만 주문할 수 있는 프렌치토스트, 치아바타 샌드위치, 생크림 크로플 등 가볍게 먹을 수 있는 브런치 메뉴도 있다. 근처 거제 관광 코스로 좋은 학동진석중가옥과 거제자연휴양림이 가까이 있어 함께 둘러보기 좋다.","<a href=""https://www.mughakdong.com/""target=""_blank"" title=""새창 : 머그학동 카페 사이트로 이동"">https://www.mughakdong.com/</a>"
머노까머나 송도점,2854418,음식,음식점,이색음식점,http://tong.visitkorea.or.kr/cms/resource/16/2854416_image2_1.jpg,인천광역시,126.6502280598,37.3914992991,"‘머노까머나’는 네팔어로 ‘희망’이라는 뜻이다. 머노까머나 송도점은 경력 10년 이상의 인도 네팔인 요리사가 현지의 맛을 그대로 옮겨왔다. 외관은 인도요리 전문점인 것을 알 수 있는 인도풍의 인테리어로 되어 있다. 근처에 송도 센트럴파크가 위치하고 있어 주말에는 가족단위의 손님이 많이 방문한다. 머노까머나의 대표메뉴는 탄두리치킨, 치킨 티카, 버터 치킨, 빨락 빠니르, 치킨 마살라 등이 있으며, 이외에도 다양한 인도 현지의 맛을 느낄 수 있는 요리들이 준비되어 있다.",
머드광장,2750960,인문(문화/예술/역사),휴양관광지,공원,http://tong.visitkorea.or.kr/cms/resource/92/2751192_image2_1.jpg,충청남도,126.5103779739,36.3151016616,"머드광장은 일몰이 예쁘기로 소문난 대천해수욕장 중앙에 자리 잡고 있다. 매년 7월에는 머드축제의 중심지가 되는 곳으로 머드마사지, 대형 머드탕, 머드 몸신, 컬러 머드, 머드 에어 바운스, 갯벌체험, 머드축제 개막공연, 머드 록페스티벌, 힙합-레이브파티를 즐길 수 있다. 주변으로 다양한 조형물들이 설치되어 있어 여름철이 아니어도 관광객들의 포토존으로 유명한 곳이며 밤에도 사진 찍기 좋게 많은 네온 조형물을 설치해 두었다. 주변에 숙박시설과 먹자골목이 있어 당일치기나 1박 2일 코스로도 좋다.","<a href=""https://www.mudfestival.or.kr/festival/view"" target=""_blank"" title=""새창 : 보령축제관광재단 홈페이지로 이동"">https://www.mudfestival.or.kr/festival/view</a>"
머렐 도봉산,2910954,쇼핑,쇼핑,사후면세점,http://tong.visitkorea.or.kr/cms/resource/10/2889510_image2_1.jpg,서울특별시,127.0376233278,37.6865663517,-,
머렐 롯데아울렛 고양점,2924567,쇼핑,쇼핑,사후면세점,http://tong.visitkorea.or.kr/cms/resource/13/2880713_image2_1.jpg,경기도,126.7896749719,37.6432308377,-,
머메이드 레시피,2805736,음식,음식점,카페/전통찻집,,경기도,127.2487173634,37.4166209592,"머메이드 레시피는 서울 근교 경기도 광주에 위치한 카페이다. 이곳은 2021년 11월 오픈한 디저트 카페이며 레트로 빈티지 미국 라이프 스타일을 만날 수 있다. 미국 감성 파스텔컬러, 폰트 등에서 이국적인 분위기가 전해진다. 키친룸 별도 매데에는 마들렌, 쿠키, 케이크 등을 직접 담아서 주문할 수 있는 코너가 마련되어 있다. 머메이드레시피 마카롱 디자인은 특허 낸 디자인이라고 한다.","><a href=""https://instagram.com/mermaids_recipe"" target=""_blank"" title=""새창 : 머메이드 레시피"">mermaids_recipe</a>"
